"자전거번호","등록일시","고장구분","등록날짜"
"SPB-00015","2018-06-24 14:05","타이어 ","2018-06-24"
"SPB-00015","2018-07-08 18:32","단말기","2018-07-08"
"SPB-00073","2018-04-04 14:45","체인","2018-04-04"
"SPB-00180","2018-05-09 23:54","타이어 ","2018-05-09"
"SPB-00192","2018-06-22 0:54","타이어 ","2018-06-22"
"SPB-00320","2018-07-12 20:46","안장","2018-07-12"
"SPB-00380","2018-04-28 15:06","체인","2018-04-28"
"SPB-00402","2018-01-28 2:31","기타 ","2018-01-28"
"SPB-00414","2018-06-24 1:44","페달","2018-06-24"
"SPB-00442","2018-08-03 23:27","체인","2018-08-03"
"SPB-00481","2018-09-11 9:29","타이어 ","2018-09-11"
"SPB-00553","2018-02-10 0:53","체인","2018-02-10"
"SPB-00553","2018-02-10 0:53","타이어 ","2018-02-10"
"SPB-00587","2018-07-16 21:37","체인","2018-07-16"
"SPB-00625","2018-07-04 4:32","기타 ","2018-07-04"
"SPB-00625","2018-07-04 4:32","체인","2018-07-04"
"SPB-00772","2018-09-27 19:37","안장","2018-09-27"
"SPB-00838","2018-08-15 4:10","단말기","2018-08-15"
"SPB-01001","2018-09-13 6:39","체인","2018-09-13"
"SPB-01001","2018-09-17 20:18","체인","2018-09-17"
"SPB-01001","2018-09-17 20:18","기타 ","2018-09-17"
"SPB-01083","2018-11-06 12:55","타이어 ","2018-11-06"
"SPB-01272","2018-07-12 13:43","타이어 ","2018-07-12"
"SPB-01272","2018-07-12 13:43","페달","2018-07-12"
"SPB-01272","2018-07-12 13:43","기타 ","2018-07-12"
"SPB-01282","2018-11-14 8:05","기타 ","2018-11-14"
"SPB-01283","2018-08-03 18:42","체인","2018-08-03"
"SPB-01283","2018-08-03 21:28","체인","2018-08-03"
"SPB-01378","2018-09-27 12:06","타이어 ","2018-09-27"
"SPB-01378","2018-09-27 12:06","안장","2018-09-27"
"SPB-01439","2018-05-31 20:59","체인","2018-05-31"
"SPB-01442","2018-05-04 8:51","체인","2018-05-04"
"SPB-01446","2018-10-09 22:52","기타 ","2018-10-09"
"SPB-01487","2018-10-03 22:52","페달","2018-10-03"
"SPB-01641","2018-07-06 17:23","체인","2018-07-06"
"SPB-01644","2018-05-31 21:26","안장","2018-05-31"
"SPB-01670","2018-07-12 20:04","체인","2018-07-12"
"SPB-01702","2018-05-27 20:24","단말기","2018-05-27"
"SPB-01702","2018-05-28 11:39","기타 ","2018-05-28"
"SPB-01702","2018-05-28 11:39","타이어 ","2018-05-28"
"SPB-01711","2018-08-09 21:52","안장","2018-08-09"
"SPB-01711","2018-08-09 21:52","단말기","2018-08-09"
"SPB-01720","2018-02-25 17:14","체인","2018-02-25"
"SPB-01811","2018-12-20 19:11","기타 ","2018-12-20"
"SPB-01869","2018-07-03 19:28","기타 ","2018-07-03"
"SPB-01899","2018-06-08 19:23","페달","2018-06-08"
"SPB-01950","2018-05-31 21:29","페달","2018-05-31"
"SPB-01950","2018-05-31 21:29","파손","2018-05-31"
"SPB-01951","2018-10-16 22:38","안장","2018-10-16"
"SPB-02028","2018-10-22 21:49","체인","2018-10-22"
"SPB-02033","2018-10-24 21:59","체인","2018-10-24"
"SPB-02033","2018-10-24 21:59","안장","2018-10-24"
"SPB-02100","2018-07-21 7:46","체인","2018-07-21"
"SPB-02100","2018-07-21 7:46","페달","2018-07-21"
"SPB-02116","2018-09-16 21:45","체인","2018-09-16"
"SPB-02135","2018-09-17 15:06","체인","2018-09-17"
"SPB-02135","2018-09-29 18:21","단말기","2018-09-29"
"SPB-02145","2018-09-06 14:01","체인","2018-09-06"
"SPB-02169","2018-04-27 22:15","단말기","2018-04-27"
"SPB-02225","2018-09-10 19:47","단말기","2018-09-10"
"SPB-02230","2018-07-24 22:02","체인","2018-07-24"
"SPB-02248","2018-08-21 22:30","기타 ","2018-08-21"
"SPB-02248","2018-08-21 22:30","체인","2018-08-21"
"SPB-02282","2018-10-03 4:33","기타 ","2018-10-03"
"SPB-02282","2018-10-03 4:33","안장","2018-10-03"
"SPB-02282","2018-10-03 4:33","체인","2018-10-03"
"SPB-02289","2018-09-09 21:43","체인","2018-09-09"
"SPB-02300","2018-08-14 23:32","타이어 ","2018-08-14"
"SPB-02317","2018-10-10 18:18","체인","2018-10-10"
"SPB-02387","2018-05-25 14:36","파손","2018-05-25"
"SPB-02387","2018-05-25 18:52","체인","2018-05-25"
"SPB-02387","2018-05-25 14:36","체인","2018-05-25"
"SPB-02402","2018-03-14 21:50","체인","2018-03-14"
"SPB-02444","2018-10-23 23:35","페달","2018-10-23"
"SPB-02458","2018-07-17 2:13","타이어 ","2018-07-17"
"SPB-02460","2018-06-05 18:56","페달","2018-06-05"
"SPB-02460","2018-06-15 12:15","체인","2018-06-15"
"SPB-02466","2018-05-25 17:56","기타 ","2018-05-25"
"SPB-02470","2018-10-09 21:59","페달","2018-10-09"
"SPB-02470","2018-10-09 21:59","안장","2018-10-09"
"SPB-02496","2018-04-29 7:50","안장","2018-04-29"
"SPB-02547","2018-07-13 12:02","기타 ","2018-07-13"
"SPB-02576","2018-10-12 18:26","안장","2018-10-12"
"SPB-02576","2018-10-19 18:01","기타 ","2018-10-19"
"SPB-02587","2018-05-03 22:51","기타 ","2018-05-03"
"SPB-02591","2018-06-04 8:43","체인","2018-06-04"
"SPB-02656","2018-04-29 19:40","체인","2018-04-29"
"SPB-02668","2018-09-10 20:35","기타 ","2018-09-10"
"SPB-02668","2018-09-10 20:35","체인","2018-09-10"
"SPB-02712","2018-06-04 10:01","체인","2018-06-04"
"SPB-02739","2018-05-09 8:26","안장","2018-05-09"
"SPB-02739","2018-05-09 18:12","안장","2018-05-09"
"SPB-02741","2018-09-17 21:26","기타 ","2018-09-17"
"SPB-02741","2018-09-19 7:58","페달","2018-09-19"
"SPB-02750","2018-12-19 9:10","페달","2018-12-19"
"SPB-02799","2018-10-07 22:56","기타 ","2018-10-07"
"SPB-02803","2018-06-20 18:12","안장","2018-06-20"
"SPB-02804","2018-10-19 8:23","단말기","2018-10-19"
"SPB-02824","2018-03-30 13:19","타이어 ","2018-03-30"
"SPB-02824","2018-07-17 15:41","기타 ","2018-07-17"
"SPB-02830","2018-05-31 23:30","체인","2018-05-31"
"SPB-02856","2018-10-01 21:26","체인","2018-10-01"
"SPB-02888","2018-11-23 14:53","단말기","2018-11-23"
"SPB-02899","2018-09-09 22:16","기타 ","2018-09-09"
"SPB-02906","2018-09-28 17:36","타이어 ","2018-09-28"
"SPB-02907","2018-12-19 21:44","안장","2018-12-19"
"SPB-02909","2018-09-18 17:43","안장","2018-09-18"
"SPB-02928","2018-07-13 7:23","기타 ","2018-07-13"
"SPB-02959","2018-03-02 11:35","타이어 ","2018-03-02"
"SPB-02959","2018-03-02 11:35","파손","2018-03-02"
"SPB-02959","2018-05-27 21:33","안장","2018-05-27"
"SPB-02965","2018-12-27 3:01","안장","2018-12-27"
"SPB-02966","2018-09-25 21:01","타이어 ","2018-09-25"
"SPB-03009","2018-06-23 15:40","체인","2018-06-23"
"SPB-03013","2018-05-09 18:40","체인","2018-05-09"
"SPB-03013","2018-05-09 18:40","타이어 ","2018-05-09"
"SPB-03058","2018-05-03 8:02","체인","2018-05-03"
"SPB-03132","2018-06-16 22:22","타이어 ","2018-06-16"
"SPB-03132","2018-06-16 22:22","기타 ","2018-06-16"
"SPB-03132","2018-06-28 7:23","안장","2018-06-28"
"SPB-03153","2018-05-03 9:18","페달","2018-05-03"
"SPB-03156","2018-10-15 12:21","단말기","2018-10-15"
"SPB-03171","2018-11-24 6:14","체인","2018-11-24"
"SPB-03171","2018-11-24 13:22","체인","2018-11-24"
"SPB-03210","2018-04-24 17:24","체인","2018-04-24"
"SPB-03236","2018-09-08 14:58","안장","2018-09-08"
"SPB-03292","2018-05-10 18:15","타이어 ","2018-05-10"
"SPB-03292","2018-05-10 18:15","기타 ","2018-05-10"
"SPB-03292","2018-05-10 18:15","단말기","2018-05-10"
"SPB-03294","2018-12-11 23:04","페달","2018-12-11"
"SPB-03294","2018-12-11 23:04","체인","2018-12-11"
"SPB-03351","2018-05-04 8:49","안장","2018-05-04"
"SPB-03362","2018-07-22 22:02","단말기","2018-07-22"
"SPB-03377","2018-11-17 18:47","체인","2018-11-17"
"SPB-03425","2018-07-24 4:28","단말기","2018-07-24"
"SPB-03463","2018-10-03 19:06","체인","2018-10-03"
"SPB-03463","2018-10-03 19:06","타이어 ","2018-10-03"
"SPB-03476","2018-05-06 16:32","체인","2018-05-06"
"SPB-03480","2018-05-26 8:27","체인","2018-05-26"
"SPB-03487","2018-06-29 3:56","체인","2018-06-29"
"SPB-03517","2018-09-30 11:26","단말기","2018-09-30"
"SPB-03521","2018-09-12 23:14","기타 ","2018-09-12"
"SPB-03521","2018-09-12 23:14","체인","2018-09-12"
"SPB-03565","2018-11-27 22:02","체인","2018-11-27"
"SPB-03587","2018-09-08 11:51","페달","2018-09-08"
"SPB-03589","2018-06-07 7:49","체인","2018-06-07"
"SPB-03591","2018-07-08 7:03","기타 ","2018-07-08"
"SPB-03591","2018-07-24 1:28","기타 ","2018-07-24"
"SPB-03715","2018-07-10 19:34","타이어 ","2018-07-10"
"SPB-03732","2018-11-05 19:14","체인","2018-11-05"
"SPB-03732","2018-11-05 19:14","페달","2018-11-05"
"SPB-03754","2018-08-06 16:48","기타 ","2018-08-06"
"SPB-03776","2018-07-29 17:21","기타 ","2018-07-29"
"SPB-03811","2018-07-20 13:13","기타 ","2018-07-20"
"SPB-03817","2018-10-18 20:58","체인","2018-10-18"
"SPB-03817","2018-10-22 7:36","체인","2018-10-22"
"SPB-03873","2018-05-20 11:47","기타 ","2018-05-20"
"SPB-03921","2018-05-20 3:04","안장","2018-05-20"
"SPB-03925","2018-05-28 21:41","체인","2018-05-28"
"SPB-03949","2018-06-23 1:48","체인","2018-06-23"
"SPB-03949","2018-09-22 23:57","체인","2018-09-22"
"SPB-03951","2018-08-25 14:40","단말기","2018-08-25"
"SPB-03953","2018-11-22 6:13","안장","2018-11-22"
"SPB-03953","2018-12-12 11:27","기타 ","2018-12-12"
"SPB-03953","2018-12-12 11:27","안장","2018-12-12"
"SPB-03953","2018-12-12 11:27","체인","2018-12-12"
"SPB-03982","2018-10-24 8:32","타이어 ","2018-10-24"
"SPB-03983","2018-08-03 3:37","페달","2018-08-03"
"SPB-03983","2018-08-03 3:37","체인","2018-08-03"
"SPB-04004","2018-10-07 20:46","단말기","2018-10-07"
"SPB-04019","2018-09-07 23:47","체인","2018-09-07"
"SPB-04035","2018-09-28 18:14","기타 ","2018-09-28"
"SPB-04048","2018-10-29 11:44","단말기","2018-10-29"
"SPB-04052","2018-05-27 23:09","안장","2018-05-27"
"SPB-04057","2018-09-08 20:32","체인","2018-09-08"
"SPB-04068","2018-10-08 18:35","단말기","2018-10-08"
"SPB-04077","2018-07-24 2:10","체인","2018-07-24"
"SPB-04084","2018-08-06 18:52","체인","2018-08-06"
"SPB-04116","2018-10-24 16:38","체인","2018-10-24"
"SPB-04122","2018-09-25 22:04","타이어 ","2018-09-25"
"SPB-04184","2018-09-26 21:45","안장","2018-09-26"
"SPB-04207","2018-10-22 7:54","안장","2018-10-22"
"SPB-04259","2018-09-11 20:44","기타 ","2018-09-11"
"SPB-04273","2018-07-04 19:43","안장","2018-07-04"
"SPB-04289","2018-09-20 15:48","기타 ","2018-09-20"
"SPB-04311","2018-09-30 16:11","기타 ","2018-09-30"
"SPB-04332","2018-09-06 18:47","타이어 ","2018-09-06"
"SPB-04332","2018-10-07 23:32","체인","2018-10-07"
"SPB-04412","2018-11-24 1:33","체인","2018-11-24"
"SPB-04417","2018-08-03 9:10","체인","2018-08-03"
"SPB-04431","2018-05-13 15:49","안장","2018-05-13"
"SPB-04440","2018-05-15 18:58","단말기","2018-05-15"
"SPB-04450","2018-08-19 20:56","기타 ","2018-08-19"
"SPB-04494","2018-09-23 15:39","기타 ","2018-09-23"
"SPB-04500","2018-10-18 8:51","타이어 ","2018-10-18"
"SPB-04555","2018-08-23 7:19","안장","2018-08-23"
"SPB-04616","2018-09-19 9:22","단말기","2018-09-19"
"SPB-04616","2018-09-19 9:22","타이어 ","2018-09-19"
"SPB-04628","2018-10-04 2:05","페달","2018-10-04"
"SPB-04628","2018-10-24 21:24","체인","2018-10-24"
"SPB-04654","2018-06-12 20:58","체인","2018-06-12"
"SPB-04682","2018-08-22 20:12","체인","2018-08-22"
"SPB-04682","2018-08-22 20:12","기타 ","2018-08-22"
"SPB-04708","2018-04-21 16:14","기타 ","2018-04-21"
"SPB-04708","2018-11-04 20:05","페달","2018-11-04"
"SPB-04713","2018-05-25 15:17","안장","2018-05-25"
"SPB-04722","2018-09-25 12:36","체인","2018-09-25"
"SPB-04754","2018-10-03 15:19","체인","2018-10-03"
"SPB-04754","2018-10-03 4:02","체인","2018-10-03"
"SPB-04754","2018-10-07 20:56","체인","2018-10-07"
"SPB-04758","2018-10-02 20:30","타이어 ","2018-10-02"
"SPB-04760","2018-08-30 18:27","체인","2018-08-30"
"SPB-04794","2018-07-04 20:44","안장","2018-07-04"
"SPB-04873","2018-07-11 22:25","안장","2018-07-11"
"SPB-04960","2018-09-11 18:26","페달","2018-09-11"
"SPB-05011","2018-05-14 0:06","기타 ","2018-05-14"
"SPB-05041","2018-05-29 8:13","안장","2018-05-29"
"SPB-05055","2018-06-29 22:57","단말기","2018-06-29"
"SPB-05079","2018-06-22 17:47","기타 ","2018-06-22"
"SPB-05094","2018-06-18 16:53","페달","2018-06-18"
"SPB-05125","2018-09-12 7:51","타이어 ","2018-09-12"
"SPB-05245","2018-10-22 2:30","체인","2018-10-22"
"SPB-05266","2018-09-29 15:35","안장","2018-09-29"
"SPB-05273","2018-08-26 20:24","페달","2018-08-26"
"SPB-05279","2018-11-05 19:35","단말기","2018-11-05"
"SPB-05287","2018-07-20 8:51","단말기","2018-07-20"
"SPB-05287","2018-09-12 22:46","기타 ","2018-09-12"
"SPB-05352","2018-04-19 23:30","기타 ","2018-04-19"
"SPB-05352","2018-04-19 23:30","체인","2018-04-19"
"SPB-05355","2018-11-23 12:17","체인","2018-11-23"
"SPB-05469","2018-10-14 22:05","타이어 ","2018-10-14"
"SPB-05473","2018-10-22 10:29","체인","2018-10-22"
"SPB-05473","2018-10-22 18:33","페달","2018-10-22"
"SPB-05483","2018-09-27 18:51","기타 ","2018-09-27"
"SPB-05520","2018-09-27 1:22","페달","2018-09-27"
"SPB-05520","2018-09-27 1:22","체인","2018-09-27"
"SPB-05520","2018-09-28 16:03","페달","2018-09-28"
"SPB-05521","2018-10-08 22:19","페달","2018-10-08"
"SPB-05521","2018-10-08 22:19","체인","2018-10-08"
"SPB-05549","2018-10-13 8:38","체인","2018-10-13"
"SPB-05549","2018-10-13 8:38","기타 ","2018-10-13"
"SPB-05549","2018-10-13 8:38","안장","2018-10-13"
"SPB-05585","2018-11-02 18:25","체인","2018-11-02"
"SPB-05591","2018-09-26 8:36","페달","2018-09-26"
"SPB-05619","2018-10-12 0:16","단말기","2018-10-12"
"SPB-05631","2018-10-07 20:10","기타 ","2018-10-07"
"SPB-05631","2018-10-09 16:45","기타 ","2018-10-09"
"SPB-05655","2018-06-03 22:28","기타 ","2018-06-03"
"SPB-05676","2018-11-13 20:51","단말기","2018-11-13"
"SPB-05683","2018-05-28 12:22","페달","2018-05-28"
"SPB-05684","2018-08-10 21:25","단말기","2018-08-10"
"SPB-05685","2018-09-24 0:57","기타 ","2018-09-24"
"SPB-05685","2018-09-24 0:57","안장","2018-09-24"
"SPB-05706","2018-12-10 22:28","안장","2018-12-10"
"SPB-05774","2018-08-21 22:56","타이어 ","2018-08-21"
"SPB-05820","2018-07-31 3:23","단말기","2018-07-31"
"SPB-05840","2018-07-24 7:44","타이어 ","2018-07-24"
"SPB-05849","2018-09-29 11:48","타이어 ","2018-09-29"
"SPB-05850","2018-08-20 19:49","페달","2018-08-20"
"SPB-05861","2018-07-15 11:04","안장","2018-07-15"
"SPB-05883","2018-04-30 9:36","체인","2018-04-30"
"SPB-05889","2018-07-21 21:09","체인","2018-07-21"
"SPB-05895","2018-09-22 18:19","타이어 ","2018-09-22"
"SPB-05898","2018-05-18 17:08","안장","2018-05-18"
"SPB-05910","2018-09-29 17:03","체인","2018-09-29"
"SPB-05910","2018-10-02 18:45","페달","2018-10-02"
"SPB-05914","2018-10-21 17:12","단말기","2018-10-21"
"SPB-05915","2018-11-13 21:03","기타 ","2018-11-13"
"SPB-05984","2018-05-06 20:23","파손","2018-05-06"
"SPB-05984","2018-05-06 20:23","체인","2018-05-06"
"SPB-06000","2018-10-30 6:39","페달","2018-10-30"
"SPB-06003","2018-09-05 10:49","기타 ","2018-09-05"
"SPB-06014","2018-09-04 7:31","안장","2018-09-04"
"SPB-06016","2018-09-24 20:37","기타 ","2018-09-24"
"SPB-06023","2018-07-21 17:48","기타 ","2018-07-21"
"SPB-06058","2018-08-19 18:46","타이어 ","2018-08-19"
"SPB-06061","2018-09-22 21:16","체인","2018-09-22"
"SPB-06068","2018-04-15 21:07","체인","2018-04-15"
"SPB-06071","2018-11-15 22:31","타이어 ","2018-11-15"
"SPB-06092","2018-07-12 7:23","기타 ","2018-07-12"
"SPB-06100","2018-10-02 19:03","기타 ","2018-10-02"
"SPB-06111","2018-09-10 21:06","기타 ","2018-09-10"
"SPB-06162","2018-06-23 11:10","체인","2018-06-23"
"SPB-06195","2018-10-04 2:11","단말기","2018-10-04"
"SPB-06197","2018-08-05 21:28","체인","2018-08-05"
"SPB-06212","2018-06-25 9:54","기타 ","2018-06-25"
"SPB-06214","2018-09-12 18:36","안장","2018-09-12"
"SPB-06216","2018-05-24 13:39","타이어 ","2018-05-24"
"SPB-06221","2018-11-07 20:53","체인","2018-11-07"
"SPB-06238","2018-10-13 9:05","기타 ","2018-10-13"
"SPB-06245","2018-06-21 19:25","단말기","2018-06-21"
"SPB-06245","2018-09-27 23:45","타이어 ","2018-09-27"
"SPB-06268","2018-06-08 3:33","안장","2018-06-08"
"SPB-06275","2018-09-27 18:32","기타 ","2018-09-27"
"SPB-06275","2018-09-27 18:32","체인","2018-09-27"
"SPB-06280","2018-09-28 21:38","기타 ","2018-09-28"
"SPB-06287","2018-08-18 20:12","타이어 ","2018-08-18"
"SPB-06314","2018-06-25 10:28","체인","2018-06-25"
"SPB-06314","2018-06-25 23:26","체인","2018-06-25"
"SPB-06339","2018-06-11 20:01","타이어 ","2018-06-11"
"SPB-06353","2018-09-11 18:09","기타 ","2018-09-11"
"SPB-06359","2018-11-02 5:02","단말기","2018-11-02"
"SPB-06388","2018-09-22 12:30","안장","2018-09-22"
"SPB-06388","2018-09-26 23:24","체인","2018-09-26"
"SPB-06410","2018-10-21 21:23","타이어 ","2018-10-21"
"SPB-06416","2018-11-13 20:50","체인","2018-11-13"
"SPB-06419","2018-09-12 21:34","기타 ","2018-09-12"
"SPB-06441","2018-07-27 23:46","체인","2018-07-27"
"SPB-06444","2018-06-18 19:14","안장","2018-06-18"
"SPB-06456","2018-04-26 8:15","기타 ","2018-04-26"
"SPB-06456","2018-04-26 8:15","체인","2018-04-26"
"SPB-06456","2018-09-17 23:39","체인","2018-09-17"
"SPB-06474","2018-05-21 8:33","파손","2018-05-21"
"SPB-06474","2018-05-21 8:33","체인","2018-05-21"
"SPB-06474","2018-05-21 8:33","안장","2018-05-21"
"SPB-06484","2018-05-29 18:04","기타 ","2018-05-29"
"SPB-06496","2018-09-12 8:17","체인","2018-09-12"
"SPB-06512","2018-09-16 9:26","기타 ","2018-09-16"
"SPB-06520","2018-06-29 21:43","체인","2018-06-29"
"SPB-06526","2018-09-09 11:30","체인","2018-09-09"
"SPB-06529","2018-10-15 19:18","체인","2018-10-15"
"SPB-06533","2018-03-20 9:29","기타 ","2018-03-20"
"SPB-06541","2018-08-08 23:41","페달","2018-08-08"
"SPB-06541","2018-08-08 23:41","체인","2018-08-08"
"SPB-06542","2018-07-21 17:48","단말기","2018-07-21"
"SPB-06547","2018-08-03 22:35","체인","2018-08-03"
"SPB-06549","2018-08-19 1:14","체인","2018-08-19"
"SPB-06551","2018-06-30 10:29","안장","2018-06-30"
"SPB-06580","2018-09-11 7:15","체인","2018-09-11"
"SPB-06582","2018-09-06 10:30","타이어 ","2018-09-06"
"SPB-06583","2018-12-15 0:59","타이어 ","2018-12-15"
"SPB-06592","2018-07-22 2:44","기타 ","2018-07-22"
"SPB-06631","2018-07-06 11:12","체인","2018-07-06"
"SPB-06631","2018-07-06 17:23","체인","2018-07-06"
"SPB-06631","2018-07-07 13:38","체인","2018-07-07"
"SPB-06631","2018-07-08 17:47","체인","2018-07-08"
"SPB-06648","2018-07-08 4:46","단말기","2018-07-08"
"SPB-06655","2018-05-10 20:25","기타 ","2018-05-10"
"SPB-06666","2018-05-20 22:09","단말기","2018-05-20"
"SPB-06683","2018-07-17 19:34","안장","2018-07-17"
"SPB-06691","2018-06-27 22:02","안장","2018-06-27"
"SPB-06691","2018-06-27 22:02","단말기","2018-06-27"
"SPB-06750","2018-08-07 18:18","페달","2018-08-07"
"SPB-06750","2018-08-07 18:18","체인","2018-08-07"
"SPB-06751","2018-09-30 20:15","타이어 ","2018-09-30"
"SPB-06777","2018-09-12 7:55","페달","2018-09-12"
"SPB-06786","2018-05-09 0:34","단말기","2018-05-09"
"SPB-06786","2018-05-09 0:34","잠금장치 불량","2018-05-09"
"SPB-06787","2018-05-13 14:37","타이어 ","2018-05-13"
"SPB-06803","2018-05-20 22:26","기타 ","2018-05-20"
"SPB-06806","2018-08-20 21:04","기타 ","2018-08-20"
"SPB-06806","2018-08-20 21:04","체인","2018-08-20"
"SPB-06835","2018-08-30 22:12","체인","2018-08-30"
"SPB-06835","2018-08-30 22:12","기타 ","2018-08-30"
"SPB-06839","2018-07-24 20:17","체인","2018-07-24"
"SPB-06841","2018-10-25 19:23","기타 ","2018-10-25"
"SPB-06846","2018-09-02 21:37","체인","2018-09-02"
"SPB-06861","2018-10-30 9:52","안장","2018-10-30"
"SPB-06871","2018-06-05 9:09","파손","2018-06-05"
"SPB-06871","2018-06-05 9:09","잠금장치 불량","2018-06-05"
"SPB-06871","2018-06-05 9:09","기타 ","2018-06-05"
"SPB-06871","2018-06-05 9:09","체인","2018-06-05"
"SPB-06871","2018-07-28 18:49","단말기","2018-07-28"
"SPB-06878","2018-09-12 8:57","안장","2018-09-12"
"SPB-06878","2018-09-12 8:57","체인","2018-09-12"
"SPB-06888","2018-05-27 13:04","기타 ","2018-05-27"
"SPB-06888","2018-06-01 3:14","타이어 ","2018-06-01"
"SPB-06897","2018-10-17 23:32","체인","2018-10-17"
"SPB-06929","2018-10-14 18:39","페달","2018-10-14"
"SPB-06929","2018-10-14 18:39","타이어 ","2018-10-14"
"SPB-06929","2018-10-14 18:39","체인","2018-10-14"
"SPB-06929","2018-10-14 18:39","안장","2018-10-14"
"SPB-06947","2018-05-27 11:45","기타 ","2018-05-27"
"SPB-06947","2018-05-27 11:45","페달","2018-05-27"
"SPB-06947","2018-05-27 11:45","체인","2018-05-27"
"SPB-06947","2018-06-05 6:34","체인","2018-06-05"
"SPB-06956","2018-06-10 20:58","기타 ","2018-06-10"
"SPB-06956","2018-06-10 20:58","안장","2018-06-10"
"SPB-06967","2018-06-12 22:28","페달","2018-06-12"
"SPB-07009","2018-06-05 17:06","기타 ","2018-06-05"
"SPB-07015","2018-06-17 7:55","안장","2018-06-17"
"SPB-07019","2018-09-25 2:48","단말기","2018-09-25"
"SPB-07032","2018-11-17 1:46","체인","2018-11-17"
"SPB-07033","2018-07-22 2:18","체인","2018-07-22"
"SPB-07056","2018-09-19 9:15","체인","2018-09-19"
"SPB-07056","2018-09-19 9:15","페달","2018-09-19"
"SPB-07060","2018-05-27 22:00","안장","2018-05-27"
"SPB-07064","2018-07-24 23:46","체인","2018-07-24"
"SPB-07070","2018-07-08 23:46","단말기","2018-07-08"
"SPB-07086","2018-05-21 8:47","페달","2018-05-21"
"SPB-07086","2018-09-11 19:53","체인","2018-09-11"
"SPB-07086","2018-09-14 19:50","체인","2018-09-14"
"SPB-07086","2018-09-14 13:58","체인","2018-09-14"
"SPB-07088","2018-08-05 22:46","기타 ","2018-08-05"
"SPB-07116","2018-10-19 8:38","페달","2018-10-19"
"SPB-07118","2018-10-12 9:17","체인","2018-10-12"
"SPB-07122","2018-08-08 7:43","체인","2018-08-08"
"SPB-07122","2018-08-08 7:43","안장","2018-08-08"
"SPB-07122","2018-09-07 21:18","체인","2018-09-07"
"SPB-07122","2018-09-07 21:18","페달","2018-09-07"
"SPB-07125","2018-06-01 18:56","기타 ","2018-06-01"
"SPB-07150","2018-10-17 19:40","안장","2018-10-17"
"SPB-07152","2018-06-03 0:52","안장","2018-06-03"
"SPB-07152","2018-06-03 0:52","체인","2018-06-03"
"SPB-07166","2018-05-27 19:51","기타 ","2018-05-27"
"SPB-07166","2018-09-14 19:54","타이어 ","2018-09-14"
"SPB-07177","2018-10-16 15:20","체인","2018-10-16"
"SPB-07189","2018-06-13 1:01","기타 ","2018-06-13"
"SPB-07222","2018-11-01 15:39","페달","2018-11-01"
"SPB-07225","2018-09-21 14:17","타이어 ","2018-09-21"
"SPB-07238","2018-10-24 23:31","체인","2018-10-24"
"SPB-07258","2018-09-26 19:42","기타 ","2018-09-26"
"SPB-07267","2018-06-01 17:56","타이어 ","2018-06-01"
"SPB-07269","2018-07-05 0:06","기타 ","2018-07-05"
"SPB-07281","2018-10-21 16:16","기타 ","2018-10-21"
"SPB-07290","2018-11-15 16:53","체인","2018-11-15"
"SPB-07290","2018-11-15 16:53","안장","2018-11-15"
"SPB-07312","2018-10-23 18:29","페달","2018-10-23"
"SPB-07318","2018-06-28 10:11","단말기","2018-06-28"
"SPB-07333","2018-09-10 18:20","단말기","2018-09-10"
"SPB-07373","2018-09-26 15:58","체인","2018-09-26"
"SPB-07382","2018-07-26 13:12","단말기","2018-07-26"
"SPB-07405","2018-06-02 20:10","잠금장치 불량","2018-06-02"
"SPB-07435","2018-04-29 17:45","기타 ","2018-04-29"
"SPB-07438","2018-09-29 3:08","단말기","2018-09-29"
"SPB-07465","2018-07-24 21:44","체인","2018-07-24"
"SPB-07482","2018-08-06 8:09","체인","2018-08-06"
"SPB-07514","2018-09-12 12:43","타이어 ","2018-09-12"
"SPB-07517","2018-09-14 8:32","체인","2018-09-14"
"SPB-07518","2018-12-27 8:47","안장","2018-12-27"
"SPB-07547","2018-12-17 5:59","안장","2018-12-17"
"SPB-07559","2018-12-09 12:29","체인","2018-12-09"
"SPB-07585","2018-11-10 21:24","단말기","2018-11-10"
"SPB-07586","2018-08-19 20:47","단말기","2018-08-19"
"SPB-07589","2018-09-18 8:23","안장","2018-09-18"
"SPB-07589","2018-09-18 0:16","단말기","2018-09-18"
"SPB-07591","2018-10-11 18:59","타이어 ","2018-10-11"
"SPB-07594","2018-06-30 1:24","기타 ","2018-06-30"
"SPB-07623","2018-11-12 6:03","안장","2018-11-12"
"SPB-07657","2018-04-19 20:55","기타 ","2018-04-19"
"SPB-07657","2018-10-20 11:26","기타 ","2018-10-20"
"SPB-07663","2018-07-18 2:10","타이어 ","2018-07-18"
"SPB-07668","2018-07-12 20:23","기타 ","2018-07-12"
"SPB-07687","2018-10-04 11:25","안장","2018-10-04"
"SPB-07703","2018-07-07 21:32","기타 ","2018-07-07"
"SPB-07738","2018-09-01 19:34","타이어 ","2018-09-01"
"SPB-07756","2018-12-20 20:26","단말기","2018-12-20"
"SPB-07770","2018-05-07 23:14","단말기","2018-05-07"
"SPB-07795","2018-09-07 16:40","단말기","2018-09-07"
"SPB-07803","2018-10-02 21:07","기타 ","2018-10-02"
"SPB-07803","2018-10-06 20:25","기타 ","2018-10-06"
"SPB-07831","2018-09-12 8:29","안장","2018-09-12"
"SPB-07834","2018-07-18 23:59","기타 ","2018-07-18"
"SPB-07837","2018-09-11 9:04","체인","2018-09-11"
"SPB-07843","2018-09-08 14:58","기타 ","2018-09-08"
"SPB-07882","2018-08-30 21:12","단말기","2018-08-30"
"SPB-07889","2018-09-26 18:36","타이어 ","2018-09-26"
"SPB-07896","2018-10-11 22:38","체인","2018-10-11"
"SPB-07909","2018-06-15 21:10","타이어 ","2018-06-15"
"SPB-07909","2018-06-15 21:10","단말기","2018-06-15"
"SPB-07912","2018-05-13 3:05","체인","2018-05-13"
"SPB-07916","2018-12-05 14:02","타이어 ","2018-12-05"
"SPB-07916","2018-12-09 12:00","타이어 ","2018-12-09"
"SPB-07934","2018-09-14 12:34","체인","2018-09-14"
"SPB-07940","2018-10-13 22:22","체인","2018-10-13"
"SPB-07940","2018-10-13 22:22","페달","2018-10-13"
"SPB-07940","2018-10-21 21:28","체인","2018-10-21"
"SPB-07940","2018-10-26 23:39","타이어 ","2018-10-26"
"SPB-07959","2018-04-17 18:27","단말기","2018-04-17"
"SPB-07969","2018-09-07 19:45","체인","2018-09-07"
"SPB-07969","2018-09-08 23:35","체인","2018-09-08"
"SPB-07998","2018-10-22 18:36","체인","2018-10-22"
"SPB-08006","2018-04-28 14:56","기타 ","2018-04-28"
"SPB-08020","2018-09-19 10:49","단말기","2018-09-19"
"SPB-08027","2018-09-17 8:09","안장","2018-09-17"
"SPB-08058","2018-10-19 8:16","페달","2018-10-19"
"SPB-08071","2018-10-31 9:03","체인","2018-10-31"
"SPB-08080","2018-10-07 15:07","단말기","2018-10-07"
"SPB-08109","2018-05-14 2:22","단말기","2018-05-14"
"SPB-08112","2018-04-07 15:39","파손","2018-04-07"
"SPB-08112","2018-04-07 15:39","단말기","2018-04-07"
"SPB-08149","2018-09-13 9:46","기타 ","2018-09-13"
"SPB-08149","2018-10-27 23:10","체인","2018-10-27"
"SPB-08149","2018-10-27 23:10","단말기","2018-10-27"
"SPB-08152","2018-05-27 20:45","안장","2018-05-27"
"SPB-08152","2018-11-06 1:06","단말기","2018-11-06"
"SPB-08154","2018-04-09 15:32","기타 ","2018-04-09"
"SPB-08154","2018-04-09 15:32","단말기","2018-04-09"
"SPB-08157","2018-05-26 17:58","타이어 ","2018-05-26"
"SPB-08169","2018-05-27 19:21","타이어 ","2018-05-27"
"SPB-08178","2018-09-06 11:04","안장","2018-09-06"
"SPB-08178","2018-10-20 14:07","페달","2018-10-20"
"SPB-08178","2018-10-20 14:07","기타 ","2018-10-20"
"SPB-08214","2018-07-05 2:58","단말기","2018-07-05"
"SPB-08220","2018-05-24 22:01","단말기","2018-05-24"
"SPB-08224","2018-08-16 9:38","단말기","2018-08-16"
"SPB-08253","2018-09-16 9:24","체인","2018-09-16"
"SPB-08255","2018-10-07 17:58","기타 ","2018-10-07"
"SPB-08275","2018-10-01 23:52","단말기","2018-10-01"
"SPB-08276","2018-09-13 7:53","타이어 ","2018-09-13"
"SPB-08287","2018-10-08 22:37","기타 ","2018-10-08"
"SPB-08290","2018-12-05 19:01","안장","2018-12-05"
"SPB-08311","2018-07-23 12:44","단말기","2018-07-23"
"SPB-08320","2018-10-29 22:57","기타 ","2018-10-29"
"SPB-08320","2018-10-29 22:57","체인","2018-10-29"
"SPB-08326","2018-07-16 7:19","기타 ","2018-07-16"
"SPB-08327","2018-04-28 21:09","안장","2018-04-28"
"SPB-08327","2018-04-28 21:09","기타 ","2018-04-28"
"SPB-08334","2018-03-30 22:21","기타 ","2018-03-30"
"SPB-08336","2018-09-09 2:09","기타 ","2018-09-09"
"SPB-08338","2018-10-24 11:39","체인","2018-10-24"
"SPB-08360","2018-10-17 20:50","체인","2018-10-17"
"SPB-08382","2018-12-02 18:36","체인","2018-12-02"
"SPB-08389","2018-09-22 1:25","체인","2018-09-22"
"SPB-08420","2018-09-11 20:01","체인","2018-09-11"
"SPB-08420","2018-09-11 20:01","페달","2018-09-11"
"SPB-08426","2018-06-23 19:49","단말기","2018-06-23"
"SPB-08426","2018-06-23 19:49","기타 ","2018-06-23"
"SPB-08450","2018-10-13 9:04","기타 ","2018-10-13"
"SPB-08454","2018-09-02 14:26","페달","2018-09-02"
"SPB-08470","2018-09-14 0:22","단말기","2018-09-14"
"SPB-08495","2018-04-12 9:17","단말기","2018-04-12"
"SPB-08509","2018-06-17 18:34","타이어 ","2018-06-17"
"SPB-08509","2018-06-17 18:34","기타 ","2018-06-17"
"SPB-08527","2018-09-30 19:01","타이어 ","2018-09-30"
"SPB-08528","2018-05-19 11:51","단말기","2018-05-19"
"SPB-08535","2018-10-18 22:06","페달","2018-10-18"
"SPB-08549","2018-03-13 18:00","기타 ","2018-03-13"
"SPB-08549","2018-06-28 23:57","기타 ","2018-06-28"
"SPB-08559","2018-08-03 17:48","페달","2018-08-03"
"SPB-08567","2018-08-16 21:56","안장","2018-08-16"
"SPB-08570","2018-08-05 19:28","페달","2018-08-05"
"SPB-08651","2018-08-09 18:23","타이어 ","2018-08-09"
"SPB-08668","2018-10-14 21:10","기타 ","2018-10-14"
"SPB-08697","2018-05-25 3:27","단말기","2018-05-25"
"SPB-08729","2018-07-26 9:40","단말기","2018-07-26"
"SPB-08734","2018-09-15 22:31","단말기","2018-09-15"
"SPB-08734","2018-09-15 22:31","기타 ","2018-09-15"
"SPB-08793","2018-09-02 18:58","체인","2018-09-02"
"SPB-08793","2018-09-02 18:58","타이어 ","2018-09-02"
"SPB-08798","2018-06-21 21:21","안장","2018-06-21"
"SPB-08800","2018-11-13 22:10","타이어 ","2018-11-13"
"SPB-08801","2018-09-28 1:14","기타 ","2018-09-28"
"SPB-08808","2018-09-30 2:04","단말기","2018-09-30"
"SPB-08809","2018-05-21 22:12","안장","2018-05-21"
"SPB-08809","2018-05-21 22:12","파손","2018-05-21"
"SPB-08810","2018-10-06 16:10","타이어 ","2018-10-06"
"SPB-08847","2018-05-19 15:58","안장","2018-05-19"
"SPB-08850","2018-07-10 9:07","체인","2018-07-10"
"SPB-08878","2018-07-17 21:39","체인","2018-07-17"
"SPB-08901","2018-04-25 20:57","파손","2018-04-25"
"SPB-08901","2018-04-25 20:57","타이어 ","2018-04-25"
"SPB-08905","2018-06-16 17:08","타이어 ","2018-06-16"
"SPB-08905","2018-06-16 17:08","파손","2018-06-16"
"SPB-08915","2018-10-03 15:18","체인","2018-10-03"
"SPB-08915","2018-10-04 21:04","체인","2018-10-04"
"SPB-08922","2018-05-04 17:23","안장","2018-05-04"
"SPB-08934","2018-09-08 7:35","타이어 ","2018-09-08"
"SPB-08944","2018-09-16 19:44","안장","2018-09-16"
"SPB-08947","2018-10-08 23:15","단말기","2018-10-08"
"SPB-08949","2018-07-12 21:23","단말기","2018-07-12"
"SPB-08949","2018-07-13 11:42","기타 ","2018-07-13"
"SPB-08965","2018-10-11 23:35","체인","2018-10-11"
"SPB-08974","2018-05-11 19:22","단말기","2018-05-11"
"SPB-08978","2018-05-09 17:58","단말기","2018-05-09"
"SPB-09001","2018-10-30 21:48","체인","2018-10-30"
"SPB-09004","2018-09-27 18:25","기타 ","2018-09-27"
"SPB-09017","2018-08-20 22:51","단말기","2018-08-20"
"SPB-09032","2018-12-11 21:25","타이어 ","2018-12-11"
"SPB-09083","2018-10-13 9:02","타이어 ","2018-10-13"
"SPB-09083","2018-10-13 9:02","체인","2018-10-13"
"SPB-09102","2018-08-25 21:03","안장","2018-08-25"
"SPB-09104","2018-09-17 18:26","단말기","2018-09-17"
"SPB-09137","2018-05-15 18:09","단말기","2018-05-15"
"SPB-09137","2018-09-10 20:15","단말기","2018-09-10"
"SPB-09150","2018-11-15 11:15","단말기","2018-11-15"
"SPB-09168","2018-06-17 12:18","기타 ","2018-06-17"
"SPB-09168","2018-06-17 12:18","안장","2018-06-17"
"SPB-09208","2018-06-01 4:50","단말기","2018-06-01"
"SPB-09237","2018-04-28 19:58","단말기","2018-04-28"
"SPB-09246","2018-09-22 19:34","단말기","2018-09-22"
"SPB-09258","2018-08-25 22:51","기타 ","2018-08-25"
"SPB-09260","2018-10-30 21:28","체인","2018-10-30"
"SPB-09277","2018-07-24 23:06","단말기","2018-07-24"
"SPB-09281","2018-06-25 18:18","단말기","2018-06-25"
"SPB-09284","2018-05-21 20:03","단말기","2018-05-21"
"SPB-09293","2018-05-15 18:35","안장","2018-05-15"
"SPB-09293","2018-05-23 17:58","기타 ","2018-05-23"
"SPB-09293","2018-05-23 17:58","파손","2018-05-23"
"SPB-09293","2018-05-23 17:58","안장","2018-05-23"
"SPB-09293","2018-05-23 17:58","체인","2018-05-23"
"SPB-09299","2018-11-13 19:22","기타 ","2018-11-13"
"SPB-09300","2018-09-08 20:07","단말기","2018-09-08"
"SPB-09306","2018-03-31 15:24","단말기","2018-03-31"
"SPB-09353","2018-12-20 7:06","안장","2018-12-20"
"SPB-09357","2018-07-10 13:34","안장","2018-07-10"
"SPB-09428","2018-08-22 22:23","기타 ","2018-08-22"
"SPB-09428","2018-08-22 22:23","체인","2018-08-22"
"SPB-09428","2018-09-04 9:02","안장","2018-09-04"
"SPB-09428","2018-09-04 9:02","체인","2018-09-04"
"SPB-09428","2018-09-05 18:50","체인","2018-09-05"
"SPB-09433","2018-10-22 17:55","안장","2018-10-22"
"SPB-09485","2018-09-06 22:36","타이어 ","2018-09-06"
"SPB-09487","2018-06-23 19:52","안장","2018-06-23"
"SPB-09514","2018-11-17 23:40","기타 ","2018-11-17"
"SPB-09518","2018-09-25 2:55","기타 ","2018-09-25"
"SPB-09528","2018-06-10 14:19","안장","2018-06-10"
"SPB-09535","2018-06-25 3:15","단말기","2018-06-25"
"SPB-09572","2018-09-11 21:58","기타 ","2018-09-11"
"SPB-09572","2018-09-11 21:58","단말기","2018-09-11"
"SPB-09573","2018-11-06 19:23","기타 ","2018-11-06"
"SPB-09601","2018-10-25 9:16","체인","2018-10-25"
"SPB-09616","2018-05-25 7:30","안장","2018-05-25"
"SPB-09630","2018-06-04 0:09","체인","2018-06-04"
"SPB-09634","2018-09-26 2:29","단말기","2018-09-26"
"SPB-09666","2018-05-09 20:48","체인","2018-05-09"
"SPB-09678","2018-09-23 20:16","안장","2018-09-23"
"SPB-09680","2018-09-12 17:40","체인","2018-09-12"
"SPB-09686","2018-10-04 20:47","타이어 ","2018-10-04"
"SPB-09689","2018-10-07 21:26","안장","2018-10-07"
"SPB-09736","2018-09-12 16:09","안장","2018-09-12"
"SPB-09742","2018-11-04 17:34","체인","2018-11-04"
"SPB-09781","2018-10-24 8:42","체인","2018-10-24"
"SPB-09793","2018-10-10 20:16","기타 ","2018-10-10"
"SPB-09827","2018-07-15 22:05","기타 ","2018-07-15"
"SPB-09855","2018-05-30 19:19","안장","2018-05-30"
"SPB-09888","2018-09-22 17:47","기타 ","2018-09-22"
"SPB-09899","2018-07-17 19:05","기타 ","2018-07-17"
"SPB-09910","2018-08-09 12:43","타이어 ","2018-08-09"
"SPB-09929","2018-08-16 21:07","체인","2018-08-16"
"SPB-09930","2018-10-22 7:22","기타 ","2018-10-22"
"SPB-09947","2018-07-03 21:50","체인","2018-07-03"
"SPB-09955","2018-09-12 22:48","체인","2018-09-12"
"SPB-09965","2018-05-13 20:05","타이어 ","2018-05-13"
"SPB-09973","2018-09-05 10:33","안장","2018-09-05"
"SPB-09973","2018-09-05 10:33","체인","2018-09-05"
"SPB-09974","2018-06-07 19:33","체인","2018-06-07"
"SPB-09999","2018-09-14 18:15","단말기","2018-09-14"
"SPB-10002","2018-08-30 8:28","페달","2018-08-30"
"SPB-10002","2018-08-30 8:28","체인","2018-08-30"
"SPB-10042","2018-09-13 20:55","체인","2018-09-13"
"SPB-10042","2018-09-13 11:01","체인","2018-09-13"
"SPB-10050","2018-10-26 8:34","체인","2018-10-26"
"SPB-10054","2018-11-26 0:11","체인","2018-11-26"
"SPB-10059","2018-09-02 0:17","단말기","2018-09-02"
"SPB-10063","2018-09-08 19:12","타이어 ","2018-09-08"
"SPB-10143","2018-10-15 18:09","타이어 ","2018-10-15"
"SPB-10148","2018-10-07 16:51","페달","2018-10-07"
"SPB-10148","2018-10-08 18:20","체인","2018-10-08"
"SPB-10155","2018-06-06 10:54","파손","2018-06-06"
"SPB-10155","2018-06-06 10:54","타이어 ","2018-06-06"
"SPB-10157","2018-04-17 17:51","체인","2018-04-17"
"SPB-10160","2018-07-13 20:08","안장","2018-07-13"
"SPB-10202","2018-06-12 8:33","안장","2018-06-12"
"SPB-10208","2018-06-29 18:56","타이어 ","2018-06-29"
"SPB-10225","2018-07-06 8:03","기타 ","2018-07-06"
"SPB-10233","2018-05-24 7:07","단말기","2018-05-24"
"SPB-10239","2018-09-13 11:37","체인","2018-09-13"
"SPB-10247","2018-10-14 22:30","타이어 ","2018-10-14"
"SPB-10267","2018-08-28 5:49","안장","2018-08-28"
"SPB-10287","2018-09-07 12:26","페달","2018-09-07"
"SPB-10287","2018-09-07 12:26","체인","2018-09-07"
"SPB-10304","2018-11-01 22:37","기타 ","2018-11-01"
"SPB-10340","2018-09-02 20:44","타이어 ","2018-09-02"
"SPB-10362","2018-11-14 13:25","체인","2018-11-14"
"SPB-10391","2018-10-12 23:25","체인","2018-10-12"
"SPB-10408","2018-08-09 21:29","안장","2018-08-09"
"SPB-10426","2018-07-03 7:16","기타 ","2018-07-03"
"SPB-10434","2018-10-24 9:07","안장","2018-10-24"
"SPB-10447","2018-08-16 8:32","안장","2018-08-16"
"SPB-10452","2018-05-26 17:49","파손","2018-05-26"
"SPB-10452","2018-05-26 17:49","기타 ","2018-05-26"
"SPB-10452","2018-05-26 17:49","잠금장치 불량","2018-05-26"
"SPB-10455","2018-10-08 19:12","안장","2018-10-08"
"SPB-10471","2018-09-01 1:31","단말기","2018-09-01"
"SPB-10472","2018-07-16 17:54","기타 ","2018-07-16"
"SPB-10473","2018-07-12 20:52","기타 ","2018-07-12"
"SPB-10500","2018-07-08 22:51","타이어 ","2018-07-08"
"SPB-10500","2018-08-19 22:56","안장","2018-08-19"
"SPB-10514","2018-09-30 0:39","타이어 ","2018-09-30"
"SPB-10516","2018-11-28 15:58","타이어 ","2018-11-28"
"SPB-10523","2018-11-07 7:23","기타 ","2018-11-07"
"SPB-10626","2018-11-17 12:25","안장","2018-11-17"
"SPB-10650","2018-12-08 1:31","체인","2018-12-08"
"SPB-10654","2018-08-25 21:04","타이어 ","2018-08-25"
"SPB-10660","2018-09-27 20:32","페달","2018-09-27"
"SPB-10668","2018-06-06 10:40","기타 ","2018-06-06"
"SPB-10687","2018-08-15 15:47","타이어 ","2018-08-15"
"SPB-10705","2018-09-23 14:01","기타 ","2018-09-23"
"SPB-10710","2018-11-07 21:21","안장","2018-11-07"
"SPB-10730","2018-08-06 22:54","단말기","2018-08-06"
"SPB-10747","2018-06-08 21:21","타이어 ","2018-06-08"
"SPB-10801","2018-05-05 7:43","타이어 ","2018-05-05"
"SPB-10805","2018-03-27 23:58","타이어 ","2018-03-27"
"SPB-10853","2018-06-06 9:50","안장","2018-06-06"
"SPB-10855","2018-10-02 22:36","타이어 ","2018-10-02"
"SPB-10880","2018-11-11 11:36","체인","2018-11-11"
"SPB-10904","2018-04-16 22:17","단말기","2018-04-16"
"SPB-10917","2018-06-03 23:36","타이어 ","2018-06-03"
"SPB-10934","2018-10-09 16:55","안장","2018-10-09"
"SPB-10934","2018-10-09 16:55","단말기","2018-10-09"
"SPB-10981","2018-09-30 1:52","체인","2018-09-30"
"SPB-10990","2018-05-27 18:37","안장","2018-05-27"
"SPB-11012","2018-10-02 8:37","타이어 ","2018-10-02"
"SPB-11053","2018-09-23 19:27","안장","2018-09-23"
"SPB-11062","2018-08-20 12:43","기타 ","2018-08-20"
"SPB-11067","2018-08-08 17:52","기타 ","2018-08-08"
"SPB-11067","2018-08-08 17:52","체인","2018-08-08"
"SPB-11100","2018-09-18 1:05","단말기","2018-09-18"
"SPB-11107","2018-09-16 4:28","안장","2018-09-16"
"SPB-11108","2018-08-26 7:32","체인","2018-08-26"
"SPB-11142","2018-10-17 17:07","체인","2018-10-17"
"SPB-11154","2018-05-20 21:21","기타 ","2018-05-20"
"SPB-11162","2018-10-10 18:21","체인","2018-10-10"
"SPB-11168","2018-04-09 5:39","안장","2018-04-09"
"SPB-11169","2018-09-27 15:04","안장","2018-09-27"
"SPB-11179","2018-06-17 0:56","단말기","2018-06-17"
"SPB-11187","2018-06-25 8:07","체인","2018-06-25"
"SPB-11191","2018-11-10 17:17","안장","2018-11-10"
"SPB-11219","2018-09-04 21:03","기타 ","2018-09-04"
"SPB-11238","2018-05-28 8:59","안장","2018-05-28"
"SPB-11238","2018-05-28 8:59","페달","2018-05-28"
"SPB-11248","2018-10-17 11:36","타이어 ","2018-10-17"
"SPB-11265","2018-10-03 9:09","체인","2018-10-03"
"SPB-11292","2018-05-04 16:40","기타 ","2018-05-04"
"SPB-11293","2018-09-22 2:12","단말기","2018-09-22"
"SPB-11304","2018-11-07 21:22","페달","2018-11-07"
"SPB-11335","2018-09-12 23:51","안장","2018-09-12"
"SPB-11349","2018-11-26 1:30","기타 ","2018-11-26"
"SPB-11400","2018-07-12 7:19","기타 ","2018-07-12"
"SPB-11411","2018-09-04 7:32","기타 ","2018-09-04"
"SPB-11440","2018-05-31 8:18","기타 ","2018-05-31"
"SPB-11447","2018-09-07 19:24","단말기","2018-09-07"
"SPB-11452","2018-08-16 19:23","기타 ","2018-08-16"
"SPB-11460","2018-10-02 21:57","체인","2018-10-02"
"SPB-11470","2018-10-15 21:55","체인","2018-10-15"
"SPB-11503","2018-09-28 22:24","체인","2018-09-28"
"SPB-11520","2018-06-10 20:49","단말기","2018-06-10"
"SPB-11531","2018-10-17 16:40","안장","2018-10-17"
"SPB-11531","2018-11-01 18:22","안장","2018-11-01"
"SPB-11558","2018-10-09 17:03","단말기","2018-10-09"
"SPB-11559","2018-05-11 19:21","단말기","2018-05-11"
"SPB-11572","2018-10-15 21:11","안장","2018-10-15"
"SPB-11594","2018-05-14 19:31","기타 ","2018-05-14"
"SPB-11597","2018-04-17 14:05","단말기","2018-04-17"
"SPB-11597","2018-05-06 17:58","단말기","2018-05-06"
"SPB-11600","2018-07-10 7:18","기타 ","2018-07-10"
"SPB-11604","2018-12-22 19:22","체인","2018-12-22"
"SPB-11619","2018-08-15 23:19","안장","2018-08-15"
"SPB-11636","2018-10-29 15:50","페달","2018-10-29"
"SPB-11666","2018-08-18 14:03","타이어 ","2018-08-18"
"SPB-11676","2018-05-11 18:18","안장","2018-05-11"
"SPB-11691","2018-10-29 10:17","단말기","2018-10-29"
"SPB-11692","2018-11-20 18:48","체인","2018-11-20"
"SPB-11714","2018-07-04 22:23","기타 ","2018-07-04"
"SPB-11714","2018-10-26 19:32","체인","2018-10-26"
"SPB-11718","2018-04-28 22:21","단말기","2018-04-28"
"SPB-11728","2018-05-21 9:10","체인","2018-05-21"
"SPB-11728","2018-05-21 9:10","기타 ","2018-05-21"
"SPB-11748","2018-08-23 21:37","타이어 ","2018-08-23"
"SPB-11780","2018-06-16 19:58","파손","2018-06-16"
"SPB-11783","2018-06-20 22:48","안장","2018-06-20"
"SPB-11787","2018-06-27 13:52","안장","2018-06-27"
"SPB-11796","2018-07-14 3:43","페달","2018-07-14"
"SPB-11796","2018-07-14 3:43","체인","2018-07-14"
"SPB-11798","2018-07-30 11:57","기타 ","2018-07-30"
"SPB-11807","2018-08-06 22:59","기타 ","2018-08-06"
"SPB-11809","2018-08-30 15:32","단말기","2018-08-30"
"SPB-11811","2018-09-13 20:03","체인","2018-09-13"
"SPB-11831","2018-06-18 22:50","기타 ","2018-06-18"
"SPB-11874","2018-10-30 21:01","단말기","2018-10-30"
"SPB-11898","2018-07-04 8:42","체인","2018-07-04"
"SPB-11917","2018-08-20 0:12","체인","2018-08-20"
"SPB-11945","2018-04-28 13:07","타이어 ","2018-04-28"
"SPB-11966","2018-05-15 11:11","페달","2018-05-15"
"SPB-11966","2018-05-15 11:11","체인","2018-05-15"
"SPB-11971","2018-09-08 22:05","타이어 ","2018-09-08"
"SPB-12024","2018-08-14 20:58","타이어 ","2018-08-14"
"SPB-12029","2018-07-15 10:57","페달","2018-07-15"
"SPB-12029","2018-07-15 10:57","기타 ","2018-07-15"
"SPB-12032","2018-06-19 11:33","안장","2018-06-19"
"SPB-12041","2018-08-17 23:32","타이어 ","2018-08-17"
"SPB-12057","2018-05-19 15:07","단말기","2018-05-19"
"SPB-12106","2018-11-12 11:57","기타 ","2018-11-12"
"SPB-12109","2018-06-04 10:03","안장","2018-06-04"
"SPB-12119","2018-06-03 21:32","기타 ","2018-06-03"
"SPB-12128","2018-05-25 22:19","타이어 ","2018-05-25"
"SPB-12133","2018-11-01 19:07","단말기","2018-11-01"
"SPB-12136","2018-11-20 6:18","체인","2018-11-20"
"SPB-12159","2018-09-27 22:56","체인","2018-09-27"
"SPB-12182","2018-05-26 23:35","안장","2018-05-26"
"SPB-12182","2018-07-20 13:16","단말기","2018-07-20"
"SPB-12182","2018-07-20 13:16","기타 ","2018-07-20"
"SPB-12191","2018-08-25 20:36","체인","2018-08-25"
"SPB-12191","2018-08-25 20:36","페달","2018-08-25"
"SPB-12198","2018-06-04 19:49","타이어 ","2018-06-04"
"SPB-12198","2018-06-04 19:49","파손","2018-06-04"
"SPB-12200","2018-10-02 18:10","타이어 ","2018-10-02"
"SPB-12208","2018-10-13 19:26","단말기","2018-10-13"
"SPB-12208","2018-10-13 8:39","단말기","2018-10-13"
"SPB-12264","2018-11-07 22:57","체인","2018-11-07"
"SPB-12264","2018-11-07 22:57","기타 ","2018-11-07"
"SPB-12317","2018-06-18 18:21","안장","2018-06-18"
"SPB-12336","2018-08-08 8:07","체인","2018-08-08"
"SPB-12357","2018-09-24 18:32","안장","2018-09-24"
"SPB-12358","2018-07-08 2:03","안장","2018-07-08"
"SPB-12375","2018-07-24 20:22","체인","2018-07-24"
"SPB-12382","2018-07-21 22:19","체인","2018-07-21"
"SPB-12390","2018-10-20 14:51","기타 ","2018-10-20"
"SPB-12393","2018-10-13 9:02","안장","2018-10-13"
"SPB-12397","2018-09-26 23:46","체인","2018-09-26"
"SPB-12398","2018-08-17 23:21","단말기","2018-08-17"
"SPB-12398","2018-11-17 18:34","체인","2018-11-17"
"SPB-12432","2018-08-05 14:50","타이어 ","2018-08-05"
"SPB-12434","2018-10-23 14:07","안장","2018-10-23"
"SPB-12439","2018-10-16 18:36","체인","2018-10-16"
"SPB-12460","2018-10-01 21:25","단말기","2018-10-01"
"SPB-12461","2018-10-13 22:04","단말기","2018-10-13"
"SPB-12462","2018-08-19 1:36","단말기","2018-08-19"
"SPB-12463","2018-07-15 3:14","타이어 ","2018-07-15"
"SPB-12486","2018-06-20 22:34","단말기","2018-06-20"
"SPB-12495","2018-10-03 23:00","안장","2018-10-03"
"SPB-12502","2018-06-08 0:45","타이어 ","2018-06-08"
"SPB-12506","2018-07-23 21:54","체인","2018-07-23"
"SPB-12519","2018-08-24 17:30","단말기","2018-08-24"
"SPB-12526","2018-08-01 6:07","체인","2018-08-01"
"SPB-12526","2018-08-09 8:39","기타 ","2018-08-09"
"SPB-12529","2018-07-08 23:03","체인","2018-07-08"
"SPB-12538","2018-09-18 18:45","안장","2018-09-18"
"SPB-12543","2018-06-20 21:40","안장","2018-06-20"
"SPB-12543","2018-08-13 19:37","기타 ","2018-08-13"
"SPB-12551","2018-07-17 1:08","타이어 ","2018-07-17"
"SPB-12588","2018-06-22 19:46","기타 ","2018-06-22"
"SPB-12624","2018-09-19 18:30","기타 ","2018-09-19"
"SPB-12633","2018-09-10 0:07","단말기","2018-09-10"
"SPB-12648","2018-10-01 16:40","체인","2018-10-01"
"SPB-12648","2018-10-01 16:40","페달","2018-10-01"
"SPB-12657","2018-04-25 20:35","안장","2018-04-25"
"SPB-12673","2018-06-05 13:30","타이어 ","2018-06-05"
"SPB-12681","2018-10-18 21:40","페달","2018-10-18"
"SPB-12707","2018-11-01 9:27","체인","2018-11-01"
"SPB-12754","2018-05-30 19:27","안장","2018-05-30"
"SPB-12759","2018-06-22 6:43","기타 ","2018-06-22"
"SPB-12795","2018-10-08 23:27","단말기","2018-10-08"
"SPB-12803","2018-11-22 18:48","기타 ","2018-11-22"
"SPB-12807","2018-07-16 16:32","단말기","2018-07-16"
"SPB-12807","2018-09-16 21:31","페달","2018-09-16"
"SPB-12819","2018-05-28 1:24","기타 ","2018-05-28"
"SPB-12884","2018-06-23 0:05","기타 ","2018-06-23"
"SPB-12884","2018-10-22 18:58","체인","2018-10-22"
"SPB-12884","2018-11-18 19:46","기타 ","2018-11-18"
"SPB-12895","2018-02-26 1:09","페달","2018-02-26"
"SPB-12895","2018-02-26 1:09","안장","2018-02-26"
"SPB-12902","2018-10-04 13:01","단말기","2018-10-04"
"SPB-12906","2018-10-11 14:22","기타 ","2018-10-11"
"SPB-12906","2018-10-11 14:22","체인","2018-10-11"
"SPB-12911","2018-08-03 15:22","타이어 ","2018-08-03"
"SPB-12911","2018-08-04 4:11","타이어 ","2018-08-04"
"SPB-12914","2018-06-27 20:29","안장","2018-06-27"
"SPB-12917","2018-08-13 22:45","단말기","2018-08-13"
"SPB-12933","2018-09-25 9:34","타이어 ","2018-09-25"
"SPB-12972","2018-09-17 9:15","안장","2018-09-17"
"SPB-12983","2018-10-02 21:24","기타 ","2018-10-02"
"SPB-12987","2018-11-21 18:04","체인","2018-11-21"
"SPB-12987","2018-11-21 18:04","페달","2018-11-21"
"SPB-13002","2018-05-21 19:09","안장","2018-05-21"
"SPB-13002","2018-05-21 19:09","기타 ","2018-05-21"
"SPB-13002","2018-07-21 9:02","단말기","2018-07-21"
"SPB-13005","2018-06-03 22:13","안장","2018-06-03"
"SPB-13005","2018-06-03 22:13","기타 ","2018-06-03"
"SPB-13007","2018-05-28 19:38","파손","2018-05-28"
"SPB-13007","2018-05-28 19:38","타이어 ","2018-05-28"
"SPB-13016","2018-06-22 7:39","기타 ","2018-06-22"
"SPB-13064","2018-05-10 20:23","안장","2018-05-10"
"SPB-13106","2018-06-25 15:22","단말기","2018-06-25"
"SPB-13108","2018-10-24 22:20","체인","2018-10-24"
"SPB-13125","2018-09-27 17:21","단말기","2018-09-27"
"SPB-13158","2018-06-02 21:07","파손","2018-06-02"
"SPB-13194","2018-07-21 7:41","타이어 ","2018-07-21"
"SPB-13197","2018-08-21 0:24","단말기","2018-08-21"
"SPB-13203","2018-07-12 9:42","단말기","2018-07-12"
"SPB-13225","2018-05-25 23:45","기타 ","2018-05-25"
"SPB-13225","2018-05-25 23:45","안장","2018-05-25"
"SPB-13225","2018-12-06 17:31","타이어 ","2018-12-06"
"SPB-13242","2018-11-05 17:31","체인","2018-11-05"
"SPB-13272","2018-09-17 23:22","타이어 ","2018-09-17"
"SPB-13287","2018-08-20 3:05","체인","2018-08-20"
"SPB-13322","2018-08-20 1:58","타이어 ","2018-08-20"
"SPB-13375","2018-12-04 19:42","기타 ","2018-12-04"
"SPB-13382","2018-08-25 23:57","체인","2018-08-25"
"SPB-13390","2018-11-14 21:20","안장","2018-11-14"
"SPB-13408","2018-09-29 17:03","기타 ","2018-09-29"
"SPB-13416","2018-08-26 21:34","타이어 ","2018-08-26"
"SPB-13416","2018-08-26 21:34","안장","2018-08-26"
"SPB-13420","2018-10-03 13:27","안장","2018-10-03"
"SPB-13424","2018-11-04 19:34","체인","2018-11-04"
"SPB-13433","2018-10-09 11:29","체인","2018-10-09"
"SPB-13433","2018-10-09 11:29","페달","2018-10-09"
"SPB-13436","2018-10-18 22:31","안장","2018-10-18"
"SPB-13462","2018-10-23 15:23","체인","2018-10-23"
"SPB-13475","2018-09-27 4:41","안장","2018-09-27"
"SPB-13476","2018-07-24 21:37","체인","2018-07-24"
"SPB-13480","2018-09-11 12:34","단말기","2018-09-11"
"SPB-13494","2018-10-23 8:18","페달","2018-10-23"
"SPB-13494","2018-11-01 13:58","페달","2018-11-01"
"SPB-13494","2018-11-02 23:51","안장","2018-11-02"
"SPB-13494","2018-11-02 23:51","체인","2018-11-02"
"SPB-13494","2018-11-03 19:31","체인","2018-11-03"
"SPB-13508","2018-08-04 21:15","체인","2018-08-04"
"SPB-13510","2018-08-11 10:49","안장","2018-08-11"
"SPB-13519","2018-10-23 8:30","타이어 ","2018-10-23"
"SPB-13524","2018-12-02 18:08","안장","2018-12-02"
"SPB-13530","2018-09-12 5:03","단말기","2018-09-12"
"SPB-13570","2018-10-14 17:06","기타 ","2018-10-14"
"SPB-13574","2018-06-04 20:31","단말기","2018-06-04"
"SPB-13577","2018-06-24 18:23","단말기","2018-06-24"
"SPB-13585","2018-09-07 20:38","타이어 ","2018-09-07"
"SPB-13615","2018-10-08 0:41","페달","2018-10-08"
"SPB-13615","2018-10-08 0:41","타이어 ","2018-10-08"
"SPB-13684","2018-04-09 18:26","기타 ","2018-04-09"
"SPB-13685","2018-08-26 9:05","안장","2018-08-26"
"SPB-13704","2018-07-18 18:29","기타 ","2018-07-18"
"SPB-13710","2018-11-02 10:44","체인","2018-11-02"
"SPB-13712","2018-09-08 6:42","타이어 ","2018-09-08"
"SPB-13722","2018-11-11 9:39","체인","2018-11-11"
"SPB-13727","2018-10-07 18:03","페달","2018-10-07"
"SPB-13734","2018-09-13 16:58","안장","2018-09-13"
"SPB-13747","2018-09-13 19:34","기타 ","2018-09-13"
"SPB-13758","2018-09-18 2:50","타이어 ","2018-09-18"
"SPB-13760","2018-08-10 22:29","타이어 ","2018-08-10"
"SPB-13760","2018-08-10 22:29","체인","2018-08-10"
"SPB-13763","2018-07-26 13:10","단말기","2018-07-26"
"SPB-13767","2018-10-15 8:57","안장","2018-10-15"
"SPB-13767","2018-10-17 21:40","안장","2018-10-17"
"SPB-13798","2018-11-21 9:46","체인","2018-11-21"
"SPB-13801","2018-04-12 18:55","기타 ","2018-04-12"
"SPB-13847","2018-09-11 20:18","체인","2018-09-11"
"SPB-13852","2018-09-11 7:48","기타 ","2018-09-11"
"SPB-13852","2018-09-25 15:39","기타 ","2018-09-25"
"SPB-13858","2018-09-29 2:43","기타 ","2018-09-29"
"SPB-13860","2018-11-09 12:29","기타 ","2018-11-09"
"SPB-13883","2018-11-20 22:54","단말기","2018-11-20"
"SPB-13905","2018-07-18 0:40","단말기","2018-07-18"
"SPB-13916","2018-09-12 20:51","타이어 ","2018-09-12"
"SPB-13922","2018-11-14 23:40","체인","2018-11-14"
"SPB-13926","2018-11-12 7:39","체인","2018-11-12"
"SPB-13935","2018-09-25 18:27","기타 ","2018-09-25"
"SPB-13937","2018-12-10 6:23","체인","2018-12-10"
"SPB-13961","2018-11-02 19:38","체인","2018-11-02"
"SPB-13998","2018-11-04 17:25","타이어 ","2018-11-04"
"SPB-14042","2018-09-27 15:35","체인","2018-09-27"
"SPB-14053","2018-10-12 19:40","페달","2018-10-12"
"SPB-14060","2018-06-24 11:59","타이어 ","2018-06-24"
"SPB-14060","2018-06-24 11:59","체인","2018-06-24"
"SPB-14061","2018-10-04 14:49","체인","2018-10-04"
"SPB-14063","2018-07-21 7:02","페달","2018-07-21"
"SPB-14071","2018-12-20 22:08","기타 ","2018-12-20"
"SPB-14073","2018-10-08 22:47","체인","2018-10-08"
"SPB-14091","2018-08-16 2:42","기타 ","2018-08-16"
"SPB-14103","2018-11-29 7:13","타이어 ","2018-11-29"
"SPB-14116","2018-10-22 14:13","기타 ","2018-10-22"
"SPB-14173","2018-09-27 19:10","안장","2018-09-27"
"SPB-14176","2018-09-06 20:52","안장","2018-09-06"
"SPB-14181","2018-09-25 4:16","단말기","2018-09-25"
"SPB-14209","2018-07-07 0:03","단말기","2018-07-07"
"SPB-14210","2018-07-21 20:35","기타 ","2018-07-21"
"SPB-14231","2018-10-02 17:02","체인","2018-10-02"
"SPB-14232","2018-08-24 21:43","체인","2018-08-24"
"SPB-14232","2018-08-24 21:43","페달","2018-08-24"
"SPB-14235","2018-10-07 19:19","단말기","2018-10-07"
"SPB-14306","2018-10-27 16:33","기타 ","2018-10-27"
"SPB-14315","2018-06-25 20:48","체인","2018-06-25"
"SPB-14333","2018-06-23 6:05","기타 ","2018-06-23"
"SPB-14333","2018-06-23 6:05","페달","2018-06-23"
"SPB-14345","2018-08-28 7:26","기타 ","2018-08-28"
"SPB-14350","2018-10-16 18:37","체인","2018-10-16"
"SPB-14351","2018-11-04 20:18","페달","2018-11-04"
"SPB-14353","2018-12-01 9:18","체인","2018-12-01"
"SPB-14353","2018-12-01 9:18","페달","2018-12-01"
"SPB-14363","2018-09-19 18:04","기타 ","2018-09-19"
"SPB-14376","2018-12-24 23:14","타이어 ","2018-12-24"
"SPB-14388","2018-10-23 23:17","체인","2018-10-23"
"SPB-14396","2018-09-29 19:40","기타 ","2018-09-29"
"SPB-14400","2018-07-12 15:48","기타 ","2018-07-12"
"SPB-14403","2018-08-03 15:55","기타 ","2018-08-03"
"SPB-14406","2018-07-24 2:30","단말기","2018-07-24"
"SPB-14417","2018-10-20 17:11","타이어 ","2018-10-20"
"SPB-14420","2018-06-04 19:21","안장","2018-06-04"
"SPB-14420","2018-06-04 19:21","기타 ","2018-06-04"
"SPB-14438","2018-09-26 16:55","체인","2018-09-26"
"SPB-14438","2018-09-26 16:55","타이어 ","2018-09-26"
"SPB-14439","2018-11-14 22:12","단말기","2018-11-14"
"SPB-14444","2018-10-25 11:16","단말기","2018-10-25"
"SPB-14465","2018-06-12 20:25","안장","2018-06-12"
"SPB-14469","2018-10-17 2:17","단말기","2018-10-17"
"SPB-14483","2018-08-16 17:31","단말기","2018-08-16"
"SPB-14488","2018-08-12 22:46","기타 ","2018-08-12"
"SPB-14502","2018-12-05 8:13","페달","2018-12-05"
"SPB-14502","2018-12-05 8:13","체인","2018-12-05"
"SPB-14506","2018-07-29 20:13","페달","2018-07-29"
"SPB-14506","2018-07-29 20:13","기타 ","2018-07-29"
"SPB-14509","2018-12-25 15:47","기타 ","2018-12-25"
"SPB-14519","2018-06-27 17:18","안장","2018-06-27"
"SPB-14545","2018-07-17 19:07","기타 ","2018-07-17"
"SPB-14560","2018-10-18 22:19","체인","2018-10-18"
"SPB-14571","2018-09-30 16:12","타이어 ","2018-09-30"
"SPB-14587","2018-07-03 20:23","타이어 ","2018-07-03"
"SPB-14588","2018-08-16 9:25","안장","2018-08-16"
"SPB-14599","2018-07-08 12:22","기타 ","2018-07-08"
"SPB-14599","2018-10-24 21:39","체인","2018-10-24"
"SPB-14607","2018-06-24 6:47","기타 ","2018-06-24"
"SPB-14613","2018-11-22 14:59","체인","2018-11-22"
"SPB-14647","2018-09-18 21:56","타이어 ","2018-09-18"
"SPB-14652","2018-12-03 20:31","단말기","2018-12-03"
"SPB-14667","2018-06-18 0:17","타이어 ","2018-06-18"
"SPB-14667","2018-12-09 12:01","기타 ","2018-12-09"
"SPB-14678","2018-12-11 14:15","기타 ","2018-12-11"
"SPB-14678","2018-12-11 14:15","체인","2018-12-11"
"SPB-14740","2018-11-12 20:26","체인","2018-11-12"
"SPB-14744","2018-06-18 18:51","기타 ","2018-06-18"
"SPB-14750","2018-08-19 19:04","체인","2018-08-19"
"SPB-14750","2018-11-27 20:50","페달","2018-11-27"
"SPB-14750","2018-11-27 20:50","체인","2018-11-27"
"SPB-14754","2018-06-10 14:42","기타 ","2018-06-10"
"SPB-14754","2018-06-10 14:42","단말기","2018-06-10"
"SPB-14759","2018-10-22 8:35","타이어 ","2018-10-22"
"SPB-14801","2018-09-28 17:50","타이어 ","2018-09-28"
"SPB-14804","2018-10-31 23:11","체인","2018-10-31"
"SPB-14809","2018-07-11 23:16","단말기","2018-07-11"
"SPB-14810","2018-10-29 9:57","체인","2018-10-29"
"SPB-14819","2018-09-17 8:11","단말기","2018-09-17"
"SPB-14823","2018-07-13 0:31","단말기","2018-07-13"
"SPB-14830","2018-07-17 6:46","단말기","2018-07-17"
"SPB-14844","2018-10-31 17:35","기타 ","2018-10-31"
"SPB-14857","2018-07-24 19:14","체인","2018-07-24"
"SPB-14876","2018-07-23 21:21","체인","2018-07-23"
"SPB-14888","2018-09-20 0:44","기타 ","2018-09-20"
"SPB-14904","2018-07-27 1:19","타이어 ","2018-07-27"
"SPB-14906","2018-10-25 8:50","페달","2018-10-25"
"SPB-14906","2018-10-25 8:50","기타 ","2018-10-25"
"SPB-14906","2018-10-31 18:52","기타 ","2018-10-31"
"SPB-14909","2018-08-11 23:31","타이어 ","2018-08-11"
"SPB-14920","2018-10-15 22:21","기타 ","2018-10-15"
"SPB-14950","2018-11-12 19:49","단말기","2018-11-12"
"SPB-14977","2018-10-18 16:20","기타 ","2018-10-18"
"SPB-14978","2018-11-29 11:39","기타 ","2018-11-29"
"SPB-14980","2018-07-26 11:02","체인","2018-07-26"
"SPB-14983","2018-09-07 18:05","페달","2018-09-07"
"SPB-14983","2018-09-07 18:05","체인","2018-09-07"
"SPB-14989","2018-11-26 15:26","체인","2018-11-26"
"SPB-14994","2018-08-18 21:56","페달","2018-08-18"
"SPB-14994","2018-08-25 23:28","안장","2018-08-25"
"SPB-15010","2018-09-27 4:42","타이어 ","2018-09-27"
"SPB-15021","2018-07-27 7:40","타이어 ","2018-07-27"
"SPB-15029","2018-11-03 5:48","타이어 ","2018-11-03"
"SPB-15035","2018-10-17 8:37","페달","2018-10-17"
"SPB-15040","2018-10-08 14:53","타이어 ","2018-10-08"
"SPB-15058","2018-08-18 22:11","안장","2018-08-18"
"SPB-15058","2018-08-22 22:11","안장","2018-08-22"
"SPB-15068","2018-11-12 22:50","체인","2018-11-12"
"SPB-15071","2018-09-11 11:51","단말기","2018-09-11"
"SPB-15092","2018-07-18 22:25","기타 ","2018-07-18"
"SPB-15110","2018-10-09 20:05","타이어 ","2018-10-09"
"SPB-15110","2018-10-09 20:05","단말기","2018-10-09"
"SPB-15113","2018-12-14 9:15","기타 ","2018-12-14"
"SPB-15163","2018-10-19 2:26","안장","2018-10-19"
"SPB-15193","2018-11-06 17:26","타이어 ","2018-11-06"
"SPB-15204","2018-07-07 0:48","단말기","2018-07-07"
"SPB-15216","2018-10-25 7:31","타이어 ","2018-10-25"
"SPB-15217","2018-12-05 15:39","기타 ","2018-12-05"
"SPB-15230","2018-07-15 22:03","체인","2018-07-15"
"SPB-15239","2018-06-28 21:32","페달","2018-06-28"
"SPB-15252","2018-06-29 22:27","타이어 ","2018-06-29"
"SPB-15257","2018-06-30 12:59","단말기","2018-06-30"
"SPB-15269","2018-08-13 22:27","타이어 ","2018-08-13"
"SPB-15312","2018-10-31 19:24","안장","2018-10-31"
"SPB-15334","2018-09-09 19:13","안장","2018-09-09"
"SPB-15338","2018-07-20 8:55","기타 ","2018-07-20"
"SPB-15338","2018-07-22 9:07","페달","2018-07-22"
"SPB-15338","2018-07-22 9:07","기타 ","2018-07-22"
"SPB-15399","2018-07-05 9:13","안장","2018-07-05"
"SPB-15425","2018-11-13 19:42","타이어 ","2018-11-13"
"SPB-15444","2018-09-30 13:25","타이어 ","2018-09-30"
"SPB-15448","2018-07-24 22:54","단말기","2018-07-24"
"SPB-15464","2018-09-11 10:03","페달","2018-09-11"
"SPB-15474","2018-10-03 1:52","단말기","2018-10-03"
"SPB-15477","2018-10-18 19:05","안장","2018-10-18"
"SPB-15486","2018-11-03 17:55","타이어 ","2018-11-03"
"SPB-15496","2018-10-09 12:42","타이어 ","2018-10-09"
"SPB-15511","2018-10-18 22:54","기타 ","2018-10-18"
"SPB-15533","2018-07-26 4:04","단말기","2018-07-26"
"SPB-15533","2018-07-26 4:04","기타 ","2018-07-26"
"SPB-15561","2018-10-03 22:21","안장","2018-10-03"
"SPB-15579","2018-10-13 23:21","안장","2018-10-13"
"SPB-15586","2018-06-21 16:44","단말기","2018-06-21"
"SPB-15602","2018-10-24 14:24","안장","2018-10-24"
"SPB-15618","2018-09-19 9:26","안장","2018-09-19"
"SPB-15638","2018-09-11 23:20","단말기","2018-09-11"
"SPB-15645","2018-10-09 21:10","안장","2018-10-09"
"SPB-15690","2018-10-29 20:05","체인","2018-10-29"
"SPB-15695","2018-10-02 8:54","기타 ","2018-10-02"
"SPB-15714","2018-07-08 22:59","기타 ","2018-07-08"
"SPB-15717","2018-10-23 3:57","체인","2018-10-23"
"SPB-15717","2018-11-12 7:41","체인","2018-11-12"
"SPB-15748","2018-10-20 20:59","체인","2018-10-20"
"SPB-15748","2018-10-20 20:59","페달","2018-10-20"
"SPB-15755","2018-06-25 20:18","체인","2018-06-25"
"SPB-15756","2018-04-09 11:13","타이어 ","2018-04-09"
"SPB-15770","2018-11-18 2:24","체인","2018-11-18"
"SPB-15792","2018-11-11 14:39","체인","2018-11-11"
"SPB-15801","2018-09-09 18:44","단말기","2018-09-09"
"SPB-15815","2018-06-29 23:54","타이어 ","2018-06-29"
"SPB-15831","2018-10-05 1:49","안장","2018-10-05"
"SPB-15863","2018-07-31 4:36","기타 ","2018-07-31"
"SPB-15878","2018-09-27 18:23","안장","2018-09-27"
"SPB-15902","2018-09-10 16:20","페달","2018-09-10"
"SPB-15902","2018-09-10 16:20","체인","2018-09-10"
"SPB-15932","2018-10-01 16:40","체인","2018-10-01"
"SPB-15939","2018-11-12 11:21","안장","2018-11-12"
"SPB-15970","2018-10-14 23:22","단말기","2018-10-14"
"SPB-15972","2018-08-08 18:38","타이어 ","2018-08-08"
"SPB-15987","2018-11-01 15:34","안장","2018-11-01"
"SPB-16023","2018-12-04 14:57","기타 ","2018-12-04"
"SPB-16042","2018-11-02 11:53","체인","2018-11-02"
"SPB-16070","2018-12-17 8:03","안장","2018-12-17"
"SPB-16074","2018-10-25 15:29","페달","2018-10-25"
"SPB-16074","2018-10-25 15:29","체인","2018-10-25"
"SPB-16096","2018-10-01 21:47","타이어 ","2018-10-01"
"SPB-16100","2018-09-27 14:08","타이어 ","2018-09-27"
"SPB-16121","2018-10-09 18:44","타이어 ","2018-10-09"
"SPB-16122","2018-07-25 18:36","안장","2018-07-25"
"SPB-16165","2018-04-24 19:38","기타 ","2018-04-24"
"SPB-16175","2018-09-28 8:49","기타 ","2018-09-28"
"SPB-16179","2018-07-12 22:41","타이어 ","2018-07-12"
"SPB-16191","2018-11-12 12:50","안장","2018-11-12"
"SPB-16203","2018-10-04 10:56","안장","2018-10-04"
"SPB-16208","2018-08-07 11:00","기타 ","2018-08-07"
"SPB-16208","2018-08-07 10:58","기타 ","2018-08-07"
"SPB-16231","2018-11-02 17:18","기타 ","2018-11-02"
"SPB-16237","2018-09-12 8:48","안장","2018-09-12"
"SPB-16241","2018-11-06 15:03","단말기","2018-11-06"
"SPB-16241","2018-11-12 15:34","기타 ","2018-11-12"
"SPB-16255","2018-10-13 9:03","안장","2018-10-13"
"SPB-16294","2018-12-30 17:20","체인","2018-12-30"
"SPB-16315","2018-07-16 17:06","단말기","2018-07-16"
"SPB-16344","2018-10-26 18:57","안장","2018-10-26"
"SPB-16344","2018-10-26 18:57","타이어 ","2018-10-26"
"SPB-16345","2018-10-20 17:06","체인","2018-10-20"
"SPB-16345","2018-10-20 17:06","페달","2018-10-20"
"SPB-16345","2018-11-16 15:07","단말기","2018-11-16"
"SPB-16348","2018-07-16 2:07","단말기","2018-07-16"
"SPB-16370","2018-12-01 0:46","타이어 ","2018-12-01"
"SPB-16390","2018-10-09 16:30","단말기","2018-10-09"
"SPB-16396","2018-09-17 21:17","타이어 ","2018-09-17"
"SPB-16401","2018-06-28 2:44","단말기","2018-06-28"
"SPB-16443","2018-09-27 9:20","체인","2018-09-27"
"SPB-16481","2018-09-19 8:13","안장","2018-09-19"
"SPB-16488","2018-07-22 23:07","타이어 ","2018-07-22"
"SPB-16489","2018-10-01 11:17","타이어 ","2018-10-01"
"SPB-16540","2018-06-25 22:47","단말기","2018-06-25"
"SPB-16563","2018-07-23 0:10","체인","2018-07-23"
"SPB-16582","2018-09-04 18:56","타이어 ","2018-09-04"
"SPB-16627","2018-06-13 8:15","기타 ","2018-06-13"
"SPB-16630","2018-08-16 7:57","타이어 ","2018-08-16"
"SPB-16633","2018-11-10 9:09","체인","2018-11-10"
"SPB-16657","2018-12-22 4:04","타이어 ","2018-12-22"
"SPB-16671","2018-06-14 18:43","체인","2018-06-14"
"SPB-16671","2018-06-14 18:43","기타 ","2018-06-14"
"SPB-16729","2018-10-26 22:29","안장","2018-10-26"
"SPB-16742","2018-06-28 15:02","타이어 ","2018-06-28"
"SPB-16745","2018-10-16 19:06","기타 ","2018-10-16"
"SPB-16781","2018-09-30 14:26","단말기","2018-09-30"
"SPB-16781","2018-11-13 8:38","기타 ","2018-11-13"
"SPB-16781","2018-11-13 8:38","안장","2018-11-13"
"SPB-16809","2018-07-03 17:23","단말기","2018-07-03"
"SPB-16809","2018-07-03 17:23","기타 ","2018-07-03"
"SPB-16843","2018-09-27 15:06","기타 ","2018-09-27"
"SPB-16844","2018-10-16 8:46","안장","2018-10-16"
"SPB-16865","2018-07-12 8:14","페달","2018-07-12"
"SPB-16911","2018-09-27 14:03","기타 ","2018-09-27"
"SPB-16930","2018-10-16 21:02","체인","2018-10-16"
"SPB-16944","2018-07-15 15:18","단말기","2018-07-15"
"SPB-16999","2018-08-09 21:48","기타 ","2018-08-09"
"SPB-17025","2018-11-02 18:03","타이어 ","2018-11-02"
"SPB-17026","2018-08-09 14:53","타이어 ","2018-08-09"
"SPB-17035","2018-11-13 8:15","체인","2018-11-13"
"SPB-17074","2018-12-11 9:02","기타 ","2018-12-11"
"SPB-17074","2018-12-11 9:02","페달","2018-12-11"
"SPB-17076","2018-08-31 15:01","타이어 ","2018-08-31"
"SPB-17084","2018-06-30 15:06","타이어 ","2018-06-30"
"SPB-17093","2018-10-19 14:27","체인","2018-10-19"
"SPB-17099","2018-11-12 23:05","단말기","2018-11-12"
"SPB-17107","2018-07-23 20:02","단말기","2018-07-23"
"SPB-17151","2018-10-16 17:38","타이어 ","2018-10-16"
"SPB-17173","2018-08-31 22:05","안장","2018-08-31"
"SPB-17196","2018-09-29 1:51","안장","2018-09-29"
"SPB-17212","2018-09-13 14:16","체인","2018-09-13"
"SPB-17213","2018-12-03 22:19","기타 ","2018-12-03"
"SPB-17219","2018-10-23 21:02","타이어 ","2018-10-23"
"SPB-17261","2018-12-09 20:09","체인","2018-12-09"
"SPB-17263","2018-10-19 23:22","단말기","2018-10-19"
"SPB-17276","2018-06-22 22:47","페달","2018-06-22"
"SPB-17276","2018-09-12 19:22","안장","2018-09-12"
"SPB-17278","2018-09-23 19:49","단말기","2018-09-23"
"SPB-17301","2018-10-18 13:15","타이어 ","2018-10-18"
"SPB-17301","2018-11-03 23:46","페달","2018-11-03"
"SPB-17307","2018-09-16 22:55","단말기","2018-09-16"
"SPB-17312","2018-10-25 11:42","타이어 ","2018-10-25"
"SPB-17319","2018-12-26 22:05","안장","2018-12-26"
"SPB-17340","2018-09-02 9:54","타이어 ","2018-09-02"
"SPB-17347","2018-10-29 18:17","타이어 ","2018-10-29"
"SPB-17348","2018-10-07 16:32","페달","2018-10-07"
"SPB-17348","2018-10-07 16:32","체인","2018-10-07"
"SPB-17386","2018-11-04 15:18","안장","2018-11-04"
"SPB-17389","2018-09-02 4:41","단말기","2018-09-02"
"SPB-17390","2018-09-12 8:09","단말기","2018-09-12"
"SPB-17421","2018-07-16 5:48","타이어 ","2018-07-16"
"SPB-17445","2018-08-21 22:32","기타 ","2018-08-21"
"SPB-17448","2018-08-06 7:59","타이어 ","2018-08-06"
"SPB-17450","2018-07-17 3:27","타이어 ","2018-07-17"
"SPB-17462","2018-10-16 14:00","타이어 ","2018-10-16"
"SPB-17481","2018-10-09 22:27","안장","2018-10-09"
"SPB-17482","2018-10-01 18:55","안장","2018-10-01"
"SPB-17497","2018-09-27 22:44","안장","2018-09-27"
"SPB-17501","2018-09-30 18:09","안장","2018-09-30"
"SPB-17507","2018-11-20 22:57","단말기","2018-11-20"
"SPB-17522","2018-10-03 17:11","체인","2018-10-03"
"SPB-17554","2018-10-21 17:36","체인","2018-10-21"
"SPB-17567","2018-09-04 17:04","기타 ","2018-09-04"
"SPB-17585","2018-07-25 20:21","안장","2018-07-25"
"SPB-17593","2018-07-22 14:02","안장","2018-07-22"
"SPB-17596","2018-10-10 18:39","체인","2018-10-10"
"SPB-17598","2018-09-09 21:59","기타 ","2018-09-09"
"SPB-17600","2018-07-15 0:38","타이어 ","2018-07-15"
"SPB-17630","2018-10-31 18:00","체인","2018-10-31"
"SPB-17636","2018-08-19 21:36","기타 ","2018-08-19"
"SPB-17645","2018-07-30 7:22","페달","2018-07-30"
"SPB-17645","2018-07-30 7:22","체인","2018-07-30"
"SPB-17679","2018-10-10 17:30","안장","2018-10-10"
"SPB-17684","2018-10-02 19:03","타이어 ","2018-10-02"
"SPB-17697","2018-10-24 18:20","체인","2018-10-24"
"SPB-17714","2018-10-04 14:15","기타 ","2018-10-04"
"SPB-17739","2018-09-11 22:06","단말기","2018-09-11"
"SPB-17743","2018-08-21 7:48","타이어 ","2018-08-21"
"SPB-17743","2018-08-21 7:48","기타 ","2018-08-21"
"SPB-17753","2018-10-13 14:23","타이어 ","2018-10-13"
"SPB-17772","2018-08-17 2:43","타이어 ","2018-08-17"
"SPB-17808","2018-09-07 12:54","기타 ","2018-09-07"
"SPB-17821","2018-11-23 6:03","타이어 ","2018-11-23"
"SPB-17832","2018-09-15 19:42","기타 ","2018-09-15"
"SPB-17875","2018-11-13 23:16","체인","2018-11-13"
"SPB-17883","2018-09-22 10:00","체인","2018-09-22"
"SPB-17892","2018-12-21 6:01","체인","2018-12-21"
"SPB-17895","2018-06-23 22:40","단말기","2018-06-23"
"SPB-17896","2018-08-23 8:01","타이어 ","2018-08-23"
"SPB-17896","2018-08-23 8:01","체인","2018-08-23"
"SPB-17912","2018-10-18 14:56","체인","2018-10-18"
"SPB-17917","2018-09-13 23:32","기타 ","2018-09-13"
"SPB-17944","2018-10-13 14:15","타이어 ","2018-10-13"
"SPB-17990","2018-09-10 21:16","기타 ","2018-09-10"
"SPB-18025","2018-08-22 10:17","안장","2018-08-22"
"SPB-18026","2018-10-14 20:52","타이어 ","2018-10-14"
"SPB-18035","2018-07-05 22:30","타이어 ","2018-07-05"
"SPB-18037","2018-08-04 18:17","안장","2018-08-04"
"SPB-18037","2018-08-04 18:17","체인","2018-08-04"
"SPB-18041","2018-09-22 21:01","안장","2018-09-22"
"SPB-18045","2018-09-28 13:55","기타 ","2018-09-28"
"SPB-18061","2018-08-25 20:40","타이어 ","2018-08-25"
"SPB-18066","2018-09-19 7:55","타이어 ","2018-09-19"
"SPB-18068","2018-10-07 16:34","타이어 ","2018-10-07"
"SPB-18092","2018-10-14 19:06","페달","2018-10-14"
"SPB-18136","2018-10-13 22:07","단말기","2018-10-13"
"SPB-18146","2018-07-26 9:59","기타 ","2018-07-26"
"SPB-18151","2018-09-02 11:28","타이어 ","2018-09-02"
"SPB-18169","2018-06-20 19:51","기타 ","2018-06-20"
"SPB-18169","2018-06-20 19:51","단말기","2018-06-20"
"SPB-18212","2018-06-30 2:45","타이어 ","2018-06-30"
"SPB-18223","2018-10-18 9:06","타이어 ","2018-10-18"
"SPB-18232","2018-12-09 18:15","기타 ","2018-12-09"
"SPB-18246","2018-06-12 11:24","기타 ","2018-06-12"
"SPB-18246","2018-09-11 11:28","타이어 ","2018-09-11"
"SPB-18254","2018-09-17 8:36","기타 ","2018-09-17"
"SPB-18273","2018-06-25 15:39","기타 ","2018-06-25"
"SPB-18275","2018-07-27 7:51","기타 ","2018-07-27"
"SPB-18282","2018-09-02 16:14","타이어 ","2018-09-02"
"SPB-18291","2018-11-22 18:47","체인","2018-11-22"
"SPB-18298","2018-08-15 4:08","기타 ","2018-08-15"
"SPB-18298","2018-09-23 0:42","페달","2018-09-23"
"SPB-18298","2018-09-23 0:42","체인","2018-09-23"
"SPB-18299","2018-09-17 21:41","기타 ","2018-09-17"
"SPB-18313","2018-10-17 13:52","체인","2018-10-17"
"SPB-18346","2018-09-05 23:10","기타 ","2018-09-05"
"SPB-18346","2018-10-29 22:24","타이어 ","2018-10-29"
"SPB-18350","2018-07-13 19:53","안장","2018-07-13"
"SPB-18368","2018-06-29 13:16","타이어 ","2018-06-29"
"SPB-18406","2018-08-17 19:08","체인","2018-08-17"
"SPB-18423","2018-07-23 22:29","기타 ","2018-07-23"
"SPB-18459","2018-07-15 20:00","체인","2018-07-15"
"SPB-18459","2018-07-15 20:01","체인","2018-07-15"
"SPB-18463","2018-08-31 5:09","단말기","2018-08-31"
"SPB-18479","2018-09-29 18:59","타이어 ","2018-09-29"
"SPB-18481","2018-12-21 21:47","체인","2018-12-21"
"SPB-18497","2018-11-24 4:18","단말기","2018-11-24"
"SPB-18505","2018-08-14 5:48","타이어 ","2018-08-14"
"SPB-18521","2018-10-06 23:55","체인","2018-10-06"
"SPB-18521","2018-10-06 23:55","안장","2018-10-06"
"SPB-18521","2018-10-06 23:55","페달","2018-10-06"
"SPB-18525","2018-11-16 20:15","기타 ","2018-11-16"
"SPB-18542","2018-07-25 1:16","단말기","2018-07-25"
"SPB-18542","2018-08-01 3:37","기타 ","2018-08-01"
"SPB-18560","2018-10-08 7:59","단말기","2018-10-08"
"SPB-18564","2018-09-26 11:36","타이어 ","2018-09-26"
"SPB-18938","2018-11-29 10:46","안장","2018-11-29"
"SPB-18990","2018-12-09 17:41","기타 ","2018-12-09"
"SPB-19054","2018-11-28 2:02","단말기","2018-11-28"
"SPB-19088","2018-11-17 18:14","단말기","2018-11-17"
"SPB-19165","2018-12-31 9:07","체인","2018-12-31"
"SPB-19243","2018-10-23 23:18","체인","2018-10-23"
"SPB-19415","2018-12-26 0:50","타이어 ","2018-12-26"
"SPB-19986","2018-12-20 22:09","기타 ","2018-12-20"
"SPB-19986","2018-12-20 22:09","단말기","2018-12-20"
