"자전거번호","등록일시","고장구분","등록날짜","자전거"
"SPB-00004","2019-05-12 20:27","페달","2019-05-12",4
"SPB-00004","2019-05-13 3:20","단말기","2019-05-13",4
"SPB-00014","2019-07-23 19:05","페달","2019-07-23",14
"SPB-00014","2019-08-21 12:41","안장","2019-08-21",14
"SPB-00014","2019-08-29 1:44","단말기","2019-08-29",14
"SPB-00015","2018-06-24 14:05","타이어 ","2018-06-24",15
"SPB-00015","2018-07-08 18:32","단말기","2018-07-08",15
"SPB-00015","2019-07-14 18:17","단말기","2019-07-14",15
"SPB-00028","2019-07-16 14:08","페달","2019-07-16",28
"SPB-00028","2019-09-27 23:40","타이어 ","2019-09-27",28
"SPB-00028","2019-11-01 8:05","체인","2019-11-01",28
"SPB-00463","2019-09-11 16:42","페달","2019-09-11",463
"SPB-00463","2019-10-25 2:13","단말기","2019-10-25",463
"SPB-00465","2019-07-22 10:58","타이어 ","2019-07-22",465
"SPB-00465","2019-07-24 17:41","안장","2019-07-24",465
"SPB-00625","2018-07-04 4:32","기타 ","2018-07-04",625
"SPB-00625","2019-09-17 18:13","안장","2019-09-17",625
"SPB-00887","2019-09-23 5:53","타이어 ","2019-09-23",887
"SPB-00887","2019-10-01 19:02","타이어 ","2019-10-01",887
"SPB-01001","2018-09-13 6:39","체인","2018-09-13",1001
"SPB-01001","2018-09-17 20:18","체인","2018-09-17",1001
"SPB-01083","2018-11-06 12:55","타이어 ","2018-11-06",1083
"SPB-01083","2019-03-29 10:05","안장","2019-03-29",1083
"SPB-01083","2019-04-17 13:29","안장","2019-04-17",1083
"SPB-01114","2019-06-04 23:06","페달","2019-06-04",1114
"SPB-01114","2019-11-13 12:09","안장","2019-11-13",1114
"SPB-01160","2019-11-16 3:15","안장","2019-11-16",1160
"SPB-01160","2019-11-19 22:41","단말기","2019-11-19",1160
"SPB-01272","2018-07-12 13:43","타이어 ","2018-07-12",1272
"SPB-01272","2019-09-20 9:36","페달","2019-09-20",1272
"SPB-01522","2019-06-04 19:52","기타 ","2019-06-04",1522
"SPB-01522","2019-08-28 22:53","안장","2019-08-28",1522
"SPB-01522","2019-08-29 18:32","체인","2019-08-29",1522
"SPB-01522","2019-08-31 16:28","페달","2019-08-31",1522
"SPB-01597","2019-03-08 16:24","페달","2019-03-08",1597
"SPB-01597","2019-03-10 13:17","페달","2019-03-10",1597
"SPB-01680","2019-06-04 18:00","타이어 ","2019-06-04",1680
"SPB-01680","2019-10-28 19:25","체인","2019-10-28",1680
"SPB-01702","2018-05-27 20:24","단말기","2018-05-27",1702
"SPB-01702","2018-05-28 11:39","기타 ","2018-05-28",1702
"SPB-01811","2018-12-20 19:11","기타 ","2018-12-20",1811
"SPB-01811","2019-02-14 9:39","타이어 ","2019-02-14",1811
"SPB-01889","2019-09-24 13:23","안장","2019-09-24",1889
"SPB-01889","2019-09-27 17:44","체인","2019-09-27",1889
"SPB-02104","2019-07-06 0:52","타이어 ","2019-07-06",2104
"SPB-02104","2019-09-26 8:07","안장","2019-09-26",2104
"SPB-02135","2018-09-17 15:06","체인","2018-09-17",2135
"SPB-02135","2018-09-29 18:21","단말기","2018-09-29",2135
"SPB-02150","2019-05-14 20:01","단말기","2019-05-14",2150
"SPB-02150","2019-06-23 23:09","페달","2019-06-23",2150
"SPB-02169","2018-04-27 22:15","단말기","2018-04-27",2169
"SPB-02169","2019-10-22 8:52","체인","2019-10-22",2169
"SPB-02243","2019-05-03 9:39","단말기","2019-05-03",2243
"SPB-02243","2019-12-08 14:18","체인","2019-12-08",2243
"SPB-02317","2018-10-10 18:18","체인","2018-10-10",2317
"SPB-02317","2019-05-13 8:43","기타 ","2019-05-13",2317
"SPB-02329","2019-08-18 20:21","타이어 ","2019-08-18",2329
"SPB-02329","2019-08-26 19:10","기타 ","2019-08-26",2329
"SPB-02344","2019-06-27 8:34","단말기","2019-06-27",2344
"SPB-02344","2019-08-01 18:15","단말기","2019-08-01",2344
"SPB-02387","2018-05-25 14:36","파손","2018-05-25",2387
"SPB-02387","2019-06-17 17:13","안장","2019-06-17",2387
"SPB-02426","2019-11-22 18:20","단말기","2019-11-22",2426
"SPB-02426","2019-12-16 17:53","체인","2019-12-16",2426
"SPB-02460","2018-06-05 18:56","페달","2018-06-05",2460
"SPB-02460","2018-06-15 12:15","체인","2018-06-15",2460
"SPB-02496","2018-04-29 7:50","안장","2018-04-29",2496
"SPB-02496","2019-09-30 19:19","체인","2019-09-30",2496
"SPB-02497","2019-06-24 20:53","체인","2019-06-24",2497
"SPB-02497","2019-06-25 12:26","타이어 ","2019-06-25",2497
"SPB-02497","2019-07-03 21:26","안장","2019-07-03",2497
"SPB-02497","2019-07-14 13:11","체인","2019-07-14",2497
"SPB-02576","2018-10-12 18:26","안장","2018-10-12",2576
"SPB-02576","2018-10-19 18:01","기타 ","2018-10-19",2576
"SPB-02591","2018-06-04 8:43","체인","2018-06-04",2591
"SPB-02591","2019-10-29 7:58","안장","2019-10-29",2591
"SPB-02644","2019-07-06 17:25","안장","2019-07-06",2644
"SPB-02644","2019-07-07 16:35","기타 ","2019-07-07",2644
"SPB-02677","2019-10-28 9:40","타이어 ","2019-10-28",2677
"SPB-02677","2019-10-31 18:25","타이어 ","2019-10-31",2677
"SPB-02741","2018-09-17 21:26","기타 ","2018-09-17",2741
"SPB-02741","2018-09-19 7:58","페달","2018-09-19",2741
"SPB-02772","2019-09-28 18:41","타이어 ","2019-09-28",2772
"SPB-02772","2019-10-18 23:14","안장","2019-10-18",2772
"SPB-02824","2018-03-30 13:19","타이어 ","2018-03-30",2824
"SPB-02824","2018-07-17 15:41","기타 ","2018-07-17",2824
"SPB-02881","2019-04-17 17:58","체인","2019-04-17",2881
"SPB-02881","2019-04-22 8:48","페달","2019-04-22",2881
"SPB-02959","2018-03-02 11:35","타이어 ","2018-03-02",2959
"SPB-02959","2018-05-27 21:33","안장","2018-05-27",2959
"SPB-02988","2019-06-14 18:44","기타 ","2019-06-14",2988
"SPB-02988","2019-07-29 1:40","단말기","2019-07-29",2988
"SPB-02988","2019-08-20 12:26","안장","2019-08-20",2988
"SPB-03055","2019-01-22 2:27","단말기","2019-01-22",3055
"SPB-03055","2019-03-18 0:48","타이어 ","2019-03-18",3055
"SPB-03132","2018-06-16 22:22","타이어 ","2018-06-16",3132
"SPB-03132","2018-06-28 7:23","안장","2018-06-28",3132
"SPB-03288","2019-05-07 16:32","타이어 ","2019-05-07",3288
"SPB-03288","2019-05-08 19:24","타이어 ","2019-05-08",3288
"SPB-03294","2018-12-11 23:04","페달","2018-12-11",3294
"SPB-03294","2019-10-18 19:39","타이어 ","2019-10-18",3294
"SPB-03417","2019-10-21 21:13","타이어 ","2019-10-21",3417
"SPB-03417","2019-10-31 11:27","단말기","2019-10-31",3417
"SPB-03591","2018-07-08 7:03","기타 ","2018-07-08",3591
"SPB-03591","2018-07-24 1:28","기타 ","2018-07-24",3591
"SPB-03679","2019-06-19 17:29","기타 ","2019-06-19",3679
"SPB-03679","2019-07-05 8:49","기타 ","2019-07-05",3679
"SPB-03713","2019-07-17 22:58","안장","2019-07-17",3713
"SPB-03713","2019-10-31 11:07","단말기","2019-10-31",3713
"SPB-03754","2018-08-06 16:48","기타 ","2018-08-06",3754
"SPB-03754","2019-06-04 2:48","타이어 ","2019-06-04",3754
"SPB-03789","2019-06-10 18:20","페달","2019-06-10",3789
"SPB-03789","2019-06-15 22:21","페달","2019-06-15",3789
"SPB-03797","2019-05-11 22:58","단말기","2019-05-11",3797
"SPB-03797","2019-05-14 14:27","체인","2019-05-14",3797
"SPB-03816","2019-07-17 8:54","타이어 ","2019-07-17",3816
"SPB-03816","2019-10-26 12:55","기타 ","2019-10-26",3816
"SPB-03817","2018-10-18 20:58","체인","2018-10-18",3817
"SPB-03817","2018-10-22 7:36","체인","2018-10-22",3817
"SPB-03895","2019-09-17 20:56","안장","2019-09-17",3895
"SPB-03895","2019-10-10 0:29","타이어 ","2019-10-10",3895
"SPB-03921","2018-05-20 3:04","안장","2018-05-20",3921
"SPB-03921","2019-04-13 21:35","기타 ","2019-04-13",3921
"SPB-03921","2019-08-06 14:12","기타 ","2019-08-06",3921
"SPB-03949","2018-06-23 1:48","체인","2018-06-23",3949
"SPB-03949","2018-09-22 23:57","체인","2018-09-22",3949
"SPB-03953","2018-11-22 6:13","안장","2018-11-22",3953
"SPB-03953","2018-12-12 11:27","기타 ","2018-12-12",3953
"SPB-03959","2019-06-25 7:57","체인","2019-06-25",3959
"SPB-03959","2019-08-22 7:14","타이어 ","2019-08-22",3959
"SPB-03959","2019-08-24 0:50","타이어 ","2019-08-24",3959
"SPB-04052","2018-05-27 23:09","안장","2018-05-27",4052
"SPB-04052","2019-11-01 13:00","단말기","2019-11-01",4052
"SPB-04057","2018-09-08 20:32","체인","2018-09-08",4057
"SPB-04057","2019-10-04 21:26","페달","2019-10-04",4057
"SPB-04057","2019-10-05 14:11","기타 ","2019-10-05",4057
"SPB-04116","2018-10-24 16:38","체인","2018-10-24",4116
"SPB-04116","2019-09-28 17:17","체인","2019-09-28",4116
"SPB-04262","2019-07-22 19:23","타이어 ","2019-07-22",4262
"SPB-04262","2019-07-29 1:37","체인","2019-07-29",4262
"SPB-04330","2019-07-02 14:04","단말기","2019-07-02",4330
"SPB-04330","2019-07-22 6:43","체인","2019-07-22",4330
"SPB-04332","2018-09-06 18:47","타이어 ","2018-09-06",4332
"SPB-04332","2018-10-07 23:32","체인","2018-10-07",4332
"SPB-04355","2019-04-13 22:18","타이어 ","2019-04-13",4355
"SPB-04355","2019-09-23 6:53","타이어 ","2019-09-23",4355
"SPB-04620","2019-06-24 22:24","페달","2019-06-24",4620
"SPB-04620","2019-06-30 11:08","체인","2019-06-30",4620
"SPB-04628","2018-10-04 2:05","페달","2018-10-04",4628
"SPB-04628","2018-10-24 21:24","체인","2018-10-24",4628
"SPB-04628","2019-04-04 19:09","기타 ","2019-04-04",4628
"SPB-04668","2019-11-01 17:35","페달","2019-11-01",4668
"SPB-04668","2019-11-06 17:10","타이어 ","2019-11-06",4668
"SPB-04678","2019-06-28 8:01","체인","2019-06-28",4678
"SPB-04678","2019-07-09 0:35","타이어 ","2019-07-09",4678
"SPB-04708","2018-04-21 16:14","기타 ","2018-04-21",4708
"SPB-04708","2018-11-04 20:05","페달","2018-11-04",4708
"SPB-04729","2019-07-09 21:38","타이어 ","2019-07-09",4729
"SPB-04729","2019-09-28 17:43","기타 ","2019-09-28",4729
"SPB-04754","2018-10-03 15:19","체인","2018-10-03",4754
"SPB-04754","2018-10-07 20:56","체인","2018-10-07",4754
"SPB-04840","2019-07-27 15:12","타이어 ","2019-07-27",4840
"SPB-04840","2019-08-27 21:03","타이어 ","2019-08-27",4840
"SPB-04909","2019-09-11 19:35","안장","2019-09-11",4909
"SPB-04909","2019-10-11 7:25","체인","2019-10-11",4909
"SPB-05065","2019-06-29 19:11","기타 ","2019-06-29",5065
"SPB-05065","2019-10-10 15:50","기타 ","2019-10-10",5065
"SPB-05067","2019-08-19 20:12","체인","2019-08-19",5067
"SPB-05067","2019-09-21 9:04","안장","2019-09-21",5067
"SPB-05094","2018-06-18 16:53","페달","2018-06-18",5094
"SPB-05094","2019-07-13 1:19","단말기","2019-07-13",5094
"SPB-05143","2019-07-17 11:37","타이어 ","2019-07-17",5143
"SPB-05143","2019-08-10 12:12","단말기","2019-08-10",5143
"SPB-05143","2019-08-28 23:10","타이어 ","2019-08-28",5143
"SPB-05177","2019-06-10 18:24","단말기","2019-06-10",5177
"SPB-05177","2019-07-06 17:15","타이어 ","2019-07-06",5177
"SPB-05181","2019-10-06 21:43","체인","2019-10-06",5181
"SPB-05181","2019-10-08 17:41","페달","2019-10-08",5181
"SPB-05196","2019-08-17 20:13","타이어 ","2019-08-17",5196
"SPB-05196","2019-09-27 5:46","체인","2019-09-27",5196
"SPB-05266","2018-09-29 15:35","안장","2018-09-29",5266
"SPB-05266","2019-10-22 19:55","안장","2019-10-22",5266
"SPB-05287","2018-07-20 8:51","단말기","2018-07-20",5287
"SPB-05287","2018-09-12 22:46","기타 ","2018-09-12",5287
"SPB-05312","2019-06-28 11:08","체인","2019-06-28",5312
"SPB-05312","2019-09-09 20:18","기타 ","2019-09-09",5312
"SPB-05325","2019-08-19 9:15","안장","2019-08-19",5325
"SPB-05325","2019-08-24 21:29","안장","2019-08-24",5325
"SPB-05346","2019-06-11 8:06","체인","2019-06-11",5346
"SPB-05346","2019-11-14 19:57","페달","2019-11-14",5346
"SPB-05431","2019-10-01 17:14","타이어 ","2019-10-01",5431
"SPB-05431","2019-10-04 21:10","타이어 ","2019-10-04",5431
"SPB-05463","2019-06-17 22:22","체인","2019-06-17",5463
"SPB-05463","2019-07-02 8:21","안장","2019-07-02",5463
"SPB-05469","2018-10-14 22:05","타이어 ","2018-10-14",5469
"SPB-05469","2019-09-25 8:06","단말기","2019-09-25",5469
"SPB-05497","2019-03-18 8:05","단말기","2019-03-18",5497
"SPB-05497","2019-09-11 16:23","체인","2019-09-11",5497
"SPB-05510","2019-08-25 15:24","체인","2019-08-25",5510
"SPB-05510","2019-08-30 13:51","페달","2019-08-30",5510
"SPB-05520","2018-09-27 1:22","페달","2018-09-27",5520
"SPB-05520","2018-09-28 16:03","페달","2018-09-28",5520
"SPB-05585","2018-11-02 18:25","체인","2018-11-02",5585
"SPB-05585","2019-03-24 23:26","체인","2019-03-24",5585
"SPB-05597","2019-07-21 11:58","기타 ","2019-07-21",5597
"SPB-05597","2019-07-30 14:41","기타 ","2019-07-30",5597
"SPB-05619","2018-10-12 0:16","단말기","2018-10-12",5619
"SPB-05619","2019-06-03 0:10","단말기","2019-06-03",5619
"SPB-05631","2018-10-07 20:10","기타 ","2018-10-07",5631
"SPB-05631","2018-10-09 16:45","기타 ","2018-10-09",5631
"SPB-05637","2019-05-13 7:44","타이어 ","2019-05-13",5637
"SPB-05637","2019-05-14 18:02","기타 ","2019-05-14",5637
"SPB-05659","2019-10-01 17:02","체인","2019-10-01",5659
"SPB-05659","2019-10-16 2:22","체인","2019-10-16",5659
"SPB-05683","2018-05-28 12:22","페달","2018-05-28",5683
"SPB-05683","2019-07-02 21:57","안장","2019-07-02",5683
"SPB-05683","2019-07-25 9:27","체인","2019-07-25",5683
"SPB-05756","2019-10-26 16:20","안장","2019-10-26",5756
"SPB-05756","2019-10-29 11:11","타이어 ","2019-10-29",5756
"SPB-05861","2018-07-15 11:04","안장","2018-07-15",5861
"SPB-05861","2019-09-23 18:26","체인","2019-09-23",5861
"SPB-05898","2018-05-18 17:08","안장","2018-05-18",5898
"SPB-05898","2019-08-27 19:28","기타 ","2019-08-27",5898
"SPB-05905","2019-08-01 18:15","타이어 ","2019-08-01",5905
"SPB-05905","2019-10-31 22:56","안장","2019-10-31",5905
"SPB-05910","2018-09-29 17:03","체인","2018-09-29",5910
"SPB-05910","2018-10-02 18:45","페달","2018-10-02",5910
"SPB-06016","2018-09-24 20:37","기타 ","2018-09-24",6016
"SPB-06016","2019-07-22 11:19","체인","2019-07-22",6016
"SPB-06016","2019-08-06 17:41","체인","2019-08-06",6016
"SPB-06016","2019-09-27 18:17","기타 ","2019-09-27",6016
"SPB-06058","2018-08-19 18:46","타이어 ","2018-08-19",6058
"SPB-06058","2019-04-14 23:53","타이어 ","2019-04-14",6058
"SPB-06058","2019-05-10 22:06","단말기","2019-05-10",6058
"SPB-06111","2018-09-10 21:06","기타 ","2018-09-10",6111
"SPB-06111","2019-06-23 12:47","기타 ","2019-06-23",6111
"SPB-06125","2019-10-23 21:21","체인","2019-10-23",6125
"SPB-06125","2019-10-31 7:26","체인","2019-10-31",6125
"SPB-06144","2019-08-19 7:54","안장","2019-08-19",6144
"SPB-06144","2019-09-06 10:22","타이어 ","2019-09-06",6144
"SPB-06183","2019-10-30 13:08","타이어 ","2019-10-30",6183
"SPB-06183","2019-11-13 9:40","단말기","2019-11-13",6183
"SPB-06191","2019-10-22 18:50","타이어 ","2019-10-22",6191
"SPB-06191","2019-10-29 10:05","단말기","2019-10-29",6191
"SPB-06245","2018-06-21 19:25","단말기","2018-06-21",6245
"SPB-06245","2018-09-27 23:45","타이어 ","2018-09-27",6245
"SPB-06286","2019-10-01 23:05","단말기","2019-10-01",6286
"SPB-06286","2019-11-18 17:06","기타 ","2019-11-18",6286
"SPB-06354","2019-06-12 20:32","체인","2019-06-12",6354
"SPB-06354","2019-11-10 17:48","기타 ","2019-11-10",6354
"SPB-06354","2019-11-11 11:44","기타 ","2019-11-11",6354
"SPB-06354","2019-11-12 13:34","기타 ","2019-11-12",6354
"SPB-06354","2019-11-20 14:35","기타 ","2019-11-20",6354
"SPB-06388","2018-09-22 12:30","안장","2018-09-22",6388
"SPB-06388","2018-09-26 23:24","체인","2018-09-26",6388
"SPB-06389","2019-10-20 22:09","페달","2019-10-20",6389
"SPB-06389","2019-10-21 20:30","페달","2019-10-21",6389
"SPB-06389","2019-11-04 16:34","페달","2019-11-04",6389
"SPB-06410","2018-10-21 21:23","타이어 ","2018-10-21",6410
"SPB-06410","2019-06-24 5:58","안장","2019-06-24",6410
"SPB-06441","2018-07-27 23:46","체인","2018-07-27",6441
"SPB-06441","2019-06-16 12:11","페달","2019-06-16",6441
"SPB-06456","2018-04-26 8:15","기타 ","2018-04-26",6456
"SPB-06456","2018-09-17 23:39","체인","2018-09-17",6456
"SPB-06458","2019-08-18 8:22","타이어 ","2019-08-18",6458
"SPB-06458","2019-08-28 0:37","단말기","2019-08-28",6458
"SPB-06498","2019-09-30 6:23","기타 ","2019-09-30",6498
"SPB-06498","2019-10-09 15:56","안장","2019-10-09",6498
"SPB-06580","2018-09-11 7:15","체인","2018-09-11",6580
"SPB-06580","2019-04-19 8:45","안장","2019-04-19",6580
"SPB-06582","2018-09-06 10:30","타이어 ","2018-09-06",6582
"SPB-06582","2019-07-14 13:03","안장","2019-07-14",6582
"SPB-06587","2019-01-31 16:18","안장","2019-01-31",6587
"SPB-06587","2019-04-07 16:04","안장","2019-04-07",6587
"SPB-06595","2019-10-20 22:29","체인","2019-10-20",6595
"SPB-06595","2019-10-26 2:42","체인","2019-10-26",6595
"SPB-06613","2019-08-19 18:24","타이어 ","2019-08-19",6613
"SPB-06613","2019-08-28 22:00","안장","2019-08-28",6613
"SPB-06613","2019-10-29 13:54","기타 ","2019-10-29",6613
"SPB-06613","2019-11-11 16:51","타이어 ","2019-11-11",6613
"SPB-06631","2018-07-06 11:12","체인","2018-07-06",6631
"SPB-06631","2018-07-07 13:38","체인","2018-07-07",6631
"SPB-06631","2018-07-08 17:47","체인","2018-07-08",6631
"SPB-06684","2019-05-08 1:25","단말기","2019-05-08",6684
"SPB-06684","2019-05-15 4:38","단말기","2019-05-15",6684
"SPB-06689","2019-01-19 1:38","단말기","2019-01-19",6689
"SPB-06689","2019-07-04 23:29","단말기","2019-07-04",6689
"SPB-06691","2018-06-27 22:02","안장","2018-06-27",6691
"SPB-06691","2019-10-28 3:28","체인","2019-10-28",6691
"SPB-06691","2019-10-31 22:48","기타 ","2019-10-31",6691
"SPB-06737","2019-03-09 16:05","기타 ","2019-03-09",6737
"SPB-06737","2019-08-21 8:09","페달","2019-08-21",6737
"SPB-06781","2019-06-02 18:51","기타 ","2019-06-02",6781
"SPB-06781","2019-08-23 22:30","페달","2019-08-23",6781
"SPB-06787","2018-05-13 14:37","타이어 ","2018-05-13",6787
"SPB-06787","2019-09-17 21:26","타이어 ","2019-09-17",6787
"SPB-06801","2019-07-07 20:18","기타 ","2019-07-07",6801
"SPB-06801","2019-07-20 21:42","타이어 ","2019-07-20",6801
"SPB-06861","2018-10-30 9:52","안장","2018-10-30",6861
"SPB-06861","2019-08-20 17:17","안장","2019-08-20",6861
"SPB-06871","2018-06-05 9:09","파손","2018-06-05",6871
"SPB-06871","2018-07-28 18:49","단말기","2018-07-28",6871
"SPB-06888","2018-05-27 13:04","기타 ","2018-05-27",6888
"SPB-06888","2018-06-01 3:14","타이어 ","2018-06-01",6888
"SPB-06897","2018-10-17 23:32","체인","2018-10-17",6897
"SPB-06897","2019-06-01 12:44","체인","2019-06-01",6897
"SPB-06947","2018-05-27 11:45","기타 ","2018-05-27",6947
"SPB-06947","2018-06-05 6:34","체인","2018-06-05",6947
"SPB-06973","2019-08-31 8:16","페달","2019-08-31",6973
"SPB-06973","2019-09-09 21:18","체인","2019-09-09",6973
"SPB-06995","2019-05-09 17:52","기타 ","2019-05-09",6995
"SPB-06995","2019-10-11 18:55","체인","2019-10-11",6995
"SPB-06995","2019-10-14 21:14","페달","2019-10-14",6995
"SPB-07009","2018-06-05 17:06","기타 ","2018-06-05",7009
"SPB-07009","2019-10-05 1:06","체인","2019-10-05",7009
"SPB-07021","2019-08-19 19:46","체인","2019-08-19",7021
"SPB-07021","2019-10-27 17:04","기타 ","2019-10-27",7021
"SPB-07052","2019-06-01 22:47","페달","2019-06-01",7052
"SPB-07052","2019-06-03 9:18","페달","2019-06-03",7052
"SPB-07052","2019-08-23 10:02","페달","2019-08-23",7052
"SPB-07060","2018-05-27 22:00","안장","2018-05-27",7060
"SPB-07060","2019-11-16 14:40","체인","2019-11-16",7060
"SPB-07060","2019-11-23 19:18","체인","2019-11-23",7060
"SPB-07086","2018-05-21 8:47","페달","2018-05-21",7086
"SPB-07086","2018-09-11 19:53","체인","2018-09-11",7086
"SPB-07086","2018-09-14 19:50","체인","2018-09-14",7086
"SPB-07086","2019-05-14 15:01","타이어 ","2019-05-14",7086
"SPB-07118","2018-10-12 9:17","체인","2018-10-12",7118
"SPB-07118","2019-11-12 19:06","안장","2019-11-12",7118
"SPB-07122","2018-08-08 7:43","체인","2018-08-08",7122
"SPB-07122","2018-09-07 21:18","체인","2018-09-07",7122
"SPB-07129","2019-09-23 14:40","체인","2019-09-23",7129
"SPB-07129","2019-10-01 21:14","체인","2019-10-01",7129
"SPB-07152","2018-06-03 0:52","안장","2018-06-03",7152
"SPB-07152","2019-04-05 18:25","기타 ","2019-04-05",7152
"SPB-07166","2018-05-27 19:51","기타 ","2018-05-27",7166
"SPB-07166","2018-09-14 19:54","타이어 ","2018-09-14",7166
"SPB-07222","2018-11-01 15:39","페달","2018-11-01",7222
"SPB-07222","2019-09-29 21:14","페달","2019-09-29",7222
"SPB-07222","2019-10-01 9:47","체인","2019-10-01",7222
"SPB-07238","2018-10-24 23:31","체인","2018-10-24",7238
"SPB-07238","2019-09-03 16:06","기타 ","2019-09-03",7238
"SPB-07239","2019-07-30 22:58","체인","2019-07-30",7239
"SPB-07239","2019-08-04 14:43","체인","2019-08-04",7239
"SPB-07258","2018-09-26 19:42","기타 ","2018-09-26",7258
"SPB-07258","2019-10-12 21:33","기타 ","2019-10-12",7258
"SPB-07266","2019-10-11 20:46","체인","2019-10-11",7266
"SPB-07266","2019-10-25 21:57","체인","2019-10-25",7266
"SPB-07267","2018-06-01 17:56","타이어 ","2018-06-01",7267
"SPB-07267","2019-07-20 14:43","단말기","2019-07-20",7267
"SPB-07269","2018-07-05 0:06","기타 ","2018-07-05",7269
"SPB-07269","2019-09-08 13:12","체인","2019-09-08",7269
"SPB-07269","2019-10-08 17:56","타이어 ","2019-10-08",7269
"SPB-07272","2019-06-13 7:30","체인","2019-06-13",7272
"SPB-07272","2019-08-14 22:19","체인","2019-08-14",7272
"SPB-07290","2018-11-15 16:53","체인","2018-11-15",7290
"SPB-07290","2019-12-11 19:49","기타 ","2019-12-11",7290
"SPB-07318","2018-06-28 10:11","단말기","2018-06-28",7318
"SPB-07318","2019-05-10 16:45","단말기","2019-05-10",7318
"SPB-07329","2019-10-14 7:52","체인","2019-10-14",7329
"SPB-07329","2019-10-31 7:20","체인","2019-10-31",7329
"SPB-07329","2019-11-05 19:54","체인","2019-11-05",7329
"SPB-07329","2019-11-12 8:51","체인","2019-11-12",7329
"SPB-07338","2019-10-26 10:50","체인","2019-10-26",7338
"SPB-07338","2019-10-27 17:22","체인","2019-10-27",7338
"SPB-07361","2019-10-24 19:00","타이어 ","2019-10-24",7361
"SPB-07361","2019-10-25 15:20","기타 ","2019-10-25",7361
"SPB-07417","2019-04-16 12:29","기타 ","2019-04-16",7417
"SPB-07417","2019-08-16 16:19","타이어 ","2019-08-16",7417
"SPB-07435","2018-04-29 17:45","기타 ","2018-04-29",7435
"SPB-07435","2019-08-03 18:45","안장","2019-08-03",7435
"SPB-07514","2018-09-12 12:43","타이어 ","2018-09-12",7514
"SPB-07514","2019-01-04 20:24","체인","2019-01-04",7514
"SPB-07518","2018-12-27 8:47","안장","2018-12-27",7518
"SPB-07518","2019-03-19 17:28","타이어 ","2019-03-19",7518
"SPB-07518","2019-04-07 22:16","안장","2019-04-07",7518
"SPB-07524","2019-10-07 23:11","체인","2019-10-07",7524
"SPB-07524","2019-10-11 16:30","체인","2019-10-11",7524
"SPB-07576","2019-05-04 14:48","체인","2019-05-04",7576
"SPB-07576","2019-05-07 22:34","페달","2019-05-07",7576
"SPB-07576","2019-05-13 18:59","체인","2019-05-13",7576
"SPB-07585","2018-11-10 21:24","단말기","2018-11-10",7585
"SPB-07585","2019-09-19 21:31","기타 ","2019-09-19",7585
"SPB-07585","2019-09-30 19:18","단말기","2019-09-30",7585
"SPB-07591","2018-10-11 18:59","타이어 ","2018-10-11",7591
"SPB-07591","2019-09-20 21:02","타이어 ","2019-09-20",7591
"SPB-07657","2018-04-19 20:55","기타 ","2018-04-19",7657
"SPB-07657","2018-10-20 11:26","기타 ","2018-10-20",7657
"SPB-07700","2019-04-01 6:08","단말기","2019-04-01",7700
"SPB-07700","2019-11-19 14:31","기타 ","2019-11-19",7700
"SPB-07721","2019-06-14 2:27","체인","2019-06-14",7721
"SPB-07721","2019-06-30 4:35","기타 ","2019-06-30",7721
"SPB-07803","2018-10-02 21:07","기타 ","2018-10-02",7803
"SPB-07803","2018-10-06 20:25","기타 ","2018-10-06",7803
"SPB-07893","2019-09-15 22:25","안장","2019-09-15",7893
"SPB-07893","2019-09-23 19:23","기타 ","2019-09-23",7893
"SPB-07916","2018-12-05 14:02","타이어 ","2018-12-05",7916
"SPB-07916","2018-12-09 12:00","타이어 ","2018-12-09",7916
"SPB-07940","2018-10-13 22:22","체인","2018-10-13",7940
"SPB-07940","2018-10-21 21:28","체인","2018-10-21",7940
"SPB-07940","2018-10-26 23:39","타이어 ","2018-10-26",7940
"SPB-07969","2018-09-07 19:45","체인","2018-09-07",7969
"SPB-07969","2018-09-08 23:35","체인","2018-09-08",7969
"SPB-08000","2019-06-08 17:59","기타 ","2019-06-08",8000
"SPB-08000","2019-06-19 23:44","단말기","2019-06-19",8000
"SPB-08060","2019-10-08 18:19","타이어 ","2019-10-08",8060
"SPB-08060","2019-12-29 2:52","타이어 ","2019-12-29",8060
"SPB-08149","2018-09-13 9:46","기타 ","2018-09-13",8149
"SPB-08149","2018-10-27 23:10","체인","2018-10-27",8149
"SPB-08152","2018-05-27 20:45","안장","2018-05-27",8152
"SPB-08152","2018-11-06 1:06","단말기","2018-11-06",8152
"SPB-08154","2018-04-09 15:32","기타 ","2018-04-09",8154
"SPB-08154","2019-04-07 19:07","단말기","2019-04-07",8154
"SPB-08159","2019-06-03 8:17","타이어 ","2019-06-03",8159
"SPB-08159","2019-11-09 21:11","페달","2019-11-09",8159
"SPB-08162","2019-09-05 22:30","단말기","2019-09-05",8162
"SPB-08162","2019-09-08 21:11","타이어 ","2019-09-08",8162
"SPB-08178","2018-09-06 11:04","안장","2018-09-06",8178
"SPB-08178","2018-10-20 14:07","페달","2018-10-20",8178
"SPB-08198","2019-10-20 17:51","안장","2019-10-20",8198
"SPB-08198","2019-10-23 3:12","체인","2019-10-23",8198
"SPB-08238","2019-04-15 20:43","단말기","2019-04-15",8238
"SPB-08238","2019-09-27 15:14","안장","2019-09-27",8238
"SPB-08323","2019-07-07 11:23","타이어 ","2019-07-07",8323
"SPB-08323","2019-07-14 0:26","체인","2019-07-14",8323
"SPB-08382","2018-12-02 18:36","체인","2018-12-02",8382
"SPB-08382","2019-06-06 18:39","체인","2019-06-06",8382
"SPB-08420","2018-09-11 20:01","체인","2018-09-11",8420
"SPB-08420","2019-07-08 3:05","기타 ","2019-07-08",8420
"SPB-08420","2019-07-09 20:13","체인","2019-07-09",8420
"SPB-08549","2018-03-13 18:00","기타 ","2018-03-13",8549
"SPB-08549","2018-06-28 23:57","기타 ","2018-06-28",8549
"SPB-08559","2018-08-03 17:48","페달","2018-08-03",8559
"SPB-08559","2019-11-28 17:21","페달","2019-11-28",8559
"SPB-08567","2018-08-16 21:56","안장","2018-08-16",8567
"SPB-08567","2019-05-10 17:12","안장","2019-05-10",8567
"SPB-08586","2019-08-21 23:40","체인","2019-08-21",8586
"SPB-08586","2019-11-11 18:42","기타 ","2019-11-11",8586
"SPB-08600","2019-03-09 11:29","타이어 ","2019-03-09",8600
"SPB-08600","2019-07-19 8:20","페달","2019-07-19",8600
"SPB-08616","2019-06-05 15:38","체인","2019-06-05",8616
"SPB-08616","2019-07-24 12:12","타이어 ","2019-07-24",8616
"SPB-08668","2018-10-14 21:10","기타 ","2018-10-14",8668
"SPB-08668","2019-10-02 9:25","안장","2019-10-02",8668
"SPB-08683","2019-09-08 17:04","체인","2019-09-08",8683
"SPB-08683","2019-09-09 15:07","기타 ","2019-09-09",8683
"SPB-08683","2019-09-11 21:51","체인","2019-09-11",8683
"SPB-08697","2018-05-25 3:27","단말기","2018-05-25",8697
"SPB-08697","2019-10-15 16:34","타이어 ","2019-10-15",8697
"SPB-08749","2019-02-07 19:05","안장","2019-02-07",8749
"SPB-08749","2019-10-11 12:15","체인","2019-10-11",8749
"SPB-08849","2019-06-15 18:42","타이어 ","2019-06-15",8849
"SPB-08849","2019-07-08 3:04","기타 ","2019-07-08",8849
"SPB-08868","2019-11-07 16:08","안장","2019-11-07",8868
"SPB-08868","2019-11-09 13:16","타이어 ","2019-11-09",8868
"SPB-08905","2018-06-16 17:08","타이어 ","2018-06-16",8905
"SPB-08905","2019-06-19 23:06","기타 ","2019-06-19",8905
"SPB-08905","2019-09-16 9:42","안장","2019-09-16",8905
"SPB-08905","2019-09-19 1:13","안장","2019-09-19",8905
"SPB-08915","2018-10-03 15:18","체인","2018-10-03",8915
"SPB-08915","2018-10-04 21:04","체인","2018-10-04",8915
"SPB-08943","2019-02-22 9:39","단말기","2019-02-22",8943
"SPB-08943","2019-04-03 15:01","기타 ","2019-04-03",8943
"SPB-08943","2019-10-30 15:16","타이어 ","2019-10-30",8943
"SPB-08949","2018-07-12 21:23","단말기","2018-07-12",8949
"SPB-08949","2018-07-13 11:42","기타 ","2018-07-13",8949
"SPB-09004","2018-09-27 18:25","기타 ","2018-09-27",9004
"SPB-09004","2019-05-01 22:39","체인","2019-05-01",9004
"SPB-09061","2019-05-03 21:38","단말기","2019-05-03",9061
"SPB-09061","2019-06-09 18:10","기타 ","2019-06-09",9061
"SPB-09061","2019-09-29 4:58","단말기","2019-09-29",9061
"SPB-09061","2019-11-25 18:24","타이어 ","2019-11-25",9061
"SPB-09127","2019-07-02 19:31","단말기","2019-07-02",9127
"SPB-09127","2019-07-05 12:50","단말기","2019-07-05",9127
"SPB-09137","2018-05-15 18:09","단말기","2018-05-15",9137
"SPB-09137","2018-09-10 20:15","단말기","2018-09-10",9137
"SPB-09168","2018-06-17 12:18","기타 ","2018-06-17",9168
"SPB-09168","2019-08-31 23:09","단말기","2019-08-31",9168
"SPB-09199","2019-10-22 19:19","안장","2019-10-22",9199
"SPB-09199","2019-10-24 20:29","타이어 ","2019-10-24",9199
"SPB-09199","2019-11-07 1:30","타이어 ","2019-11-07",9199
"SPB-09207","2019-09-16 7:37","타이어 ","2019-09-16",9207
"SPB-09207","2019-09-18 22:25","체인","2019-09-18",9207
"SPB-09207","2019-09-24 18:43","체인","2019-09-24",9207
"SPB-09246","2018-09-22 19:34","단말기","2018-09-22",9246
"SPB-09246","2019-10-03 18:16","단말기","2019-10-03",9246
"SPB-09284","2018-05-21 20:03","단말기","2018-05-21",9284
"SPB-09284","2019-09-14 23:51","체인","2019-09-14",9284
"SPB-09293","2018-05-15 18:35","안장","2018-05-15",9293
"SPB-09293","2018-05-23 17:58","기타 ","2018-05-23",9293
"SPB-09300","2018-09-08 20:07","단말기","2018-09-08",9300
"SPB-09300","2019-08-28 19:51","단말기","2019-08-28",9300
"SPB-09342","2019-09-11 16:20","단말기","2019-09-11",9342
"SPB-09342","2019-09-15 16:32","타이어 ","2019-09-15",9342
"SPB-09428","2018-08-22 22:23","기타 ","2018-08-22",9428
"SPB-09428","2018-09-04 9:02","안장","2018-09-04",9428
"SPB-09428","2018-09-05 18:50","체인","2018-09-05",9428
"SPB-09487","2018-06-23 19:52","안장","2018-06-23",9487
"SPB-09487","2019-06-01 9:28","타이어 ","2019-06-01",9487
"SPB-09487","2019-09-25 17:28","기타 ","2019-09-25",9487
"SPB-09492","2019-06-27 16:41","체인","2019-06-27",9492
"SPB-09492","2019-07-04 22:54","페달","2019-07-04",9492
"SPB-09515","2019-04-17 7:56","타이어 ","2019-04-17",9515
"SPB-09515","2019-04-19 20:23","타이어 ","2019-04-19",9515
"SPB-09575","2019-09-11 15:44","체인","2019-09-11",9575
"SPB-09575","2019-09-18 20:28","체인","2019-09-18",9575
"SPB-09780","2019-04-15 12:38","체인","2019-04-15",9780
"SPB-09780","2019-06-30 19:06","체인","2019-06-30",9780
"SPB-09810","2019-04-08 17:28","안장","2019-04-08",9810
"SPB-09810","2019-04-17 16:24","단말기","2019-04-17",9810
"SPB-09810","2019-07-05 22:34","단말기","2019-07-05",9810
"SPB-09827","2018-07-15 22:05","기타 ","2018-07-15",9827
"SPB-09827","2019-08-28 13:43","안장","2019-08-28",9827
"SPB-09923","2019-09-01 0:44","체인","2019-09-01",9923
"SPB-09923","2019-09-04 17:33","페달","2019-09-04",9923
"SPB-09929","2018-08-16 21:07","체인","2018-08-16",9929
"SPB-09929","2019-07-19 23:31","단말기","2019-07-19",9929
"SPB-09943","2019-09-29 22:21","체인","2019-09-29",9943
"SPB-09943","2019-09-30 22:18","체인","2019-09-30",9943
"SPB-10041","2019-06-12 8:24","체인","2019-06-12",10041
"SPB-10041","2019-09-09 18:49","단말기","2019-09-09",10041
"SPB-10054","2018-11-26 0:11","체인","2018-11-26",10054
"SPB-10054","2019-06-03 12:19","단말기","2019-06-03",10054
"SPB-10098","2019-10-24 22:27","단말기","2019-10-24",10098
"SPB-10098","2019-10-30 1:38","타이어 ","2019-10-30",10098
"SPB-10099","2019-07-20 0:20","단말기","2019-07-20",10099
"SPB-10099","2019-10-01 4:18","단말기","2019-10-01",10099
"SPB-10148","2018-10-07 16:51","페달","2018-10-07",10148
"SPB-10148","2018-10-08 18:20","체인","2018-10-08",10148
"SPB-10405","2019-08-08 16:26","체인","2019-08-08",10405
"SPB-10405","2019-08-28 17:17","체인","2019-08-28",10405
"SPB-10456","2019-03-20 7:03","기타 ","2019-03-20",10456
"SPB-10456","2019-11-01 6:13","단말기","2019-11-01",10456
"SPB-10500","2018-07-08 22:51","타이어 ","2018-07-08",10500
"SPB-10500","2018-08-19 22:56","안장","2018-08-19",10500
"SPB-10560","2019-06-03 17:38","타이어 ","2019-06-03",10560
"SPB-10560","2019-11-03 0:43","체인","2019-11-03",10560
"SPB-10592","2019-06-08 12:28","타이어 ","2019-06-08",10592
"SPB-10592","2019-06-17 18:00","기타 ","2019-06-17",10592
"SPB-10655","2019-07-02 20:44","체인","2019-07-02",10655
"SPB-10655","2019-07-04 18:28","타이어 ","2019-07-04",10655
"SPB-10705","2018-09-23 14:01","기타 ","2018-09-23",10705
"SPB-10705","2019-11-09 21:54","안장","2019-11-09",10705
"SPB-10728","2019-12-06 11:54","체인","2019-12-06",10728
"SPB-10728","2019-12-07 15:37","체인","2019-12-07",10728
"SPB-10774","2019-07-02 19:15","체인","2019-07-02",10774
"SPB-10774","2019-08-22 9:37","단말기","2019-08-22",10774
"SPB-10794","2019-11-06 8:03","타이어 ","2019-11-06",10794
"SPB-10794","2019-11-11 13:05","타이어 ","2019-11-11",10794
"SPB-10794","2019-11-16 9:55","타이어 ","2019-11-16",10794
"SPB-10873","2019-03-09 3:05","단말기","2019-03-09",10873
"SPB-10873","2019-08-27 21:51","체인","2019-08-27",10873
"SPB-10904","2018-04-16 22:17","단말기","2018-04-16",10904
"SPB-10904","2019-07-27 16:08","단말기","2019-07-27",10904
"SPB-10906","2019-11-08 7:19","타이어 ","2019-11-08",10906
"SPB-10906","2019-12-19 20:26","타이어 ","2019-12-19",10906
"SPB-10943","2019-05-14 19:34","페달","2019-05-14",10943
"SPB-10943","2019-05-15 21:08","체인","2019-05-15",10943
"SPB-10943","2019-10-16 14:33","타이어 ","2019-10-16",10943
"SPB-11062","2018-08-20 12:43","기타 ","2018-08-20",11062
"SPB-11062","2019-07-15 22:38","안장","2019-07-15",11062
"SPB-11063","2019-10-09 13:39","페달","2019-10-09",11063
"SPB-11063","2019-10-15 11:18","안장","2019-10-15",11063
"SPB-11102","2019-03-27 11:19","타이어 ","2019-03-27",11102
"SPB-11102","2019-04-17 14:13","안장","2019-04-17",11102
"SPB-11136","2019-01-17 16:25","페달","2019-01-17",11136
"SPB-11136","2019-08-16 16:16","체인","2019-08-16",11136
"SPB-11136","2019-08-17 15:30","체인","2019-08-17",11136
"SPB-11136","2019-08-18 1:37","체인","2019-08-18",11136
"SPB-11248","2018-10-17 11:36","타이어 ","2018-10-17",11248
"SPB-11248","2019-10-13 22:03","단말기","2019-10-13",11248
"SPB-11252","2019-03-17 16:02","안장","2019-03-17",11252
"SPB-11252","2019-07-12 23:17","단말기","2019-07-12",11252
"SPB-11317","2019-08-27 23:04","타이어 ","2019-08-27",11317
"SPB-11317","2019-09-27 17:33","기타 ","2019-09-27",11317
"SPB-11328","2019-09-03 13:59","안장","2019-09-03",11328
"SPB-11328","2019-09-26 18:32","체인","2019-09-26",11328
"SPB-11335","2018-09-12 23:51","안장","2018-09-12",11335
"SPB-11335","2019-06-17 15:47","기타 ","2019-06-17",11335
"SPB-11503","2018-09-28 22:24","체인","2018-09-28",11503
"SPB-11503","2019-02-10 22:30","안장","2019-02-10",11503
"SPB-11515","2019-08-28 5:09","단말기","2019-08-28",11515
"SPB-11515","2019-09-18 21:50","단말기","2019-09-18",11515
"SPB-11531","2018-10-17 16:40","안장","2018-10-17",11531
"SPB-11531","2018-11-01 18:22","안장","2018-11-01",11531
"SPB-11558","2018-10-09 17:03","단말기","2018-10-09",11558
"SPB-11558","2019-03-27 12:01","단말기","2019-03-27",11558
"SPB-11563","2019-06-21 18:36","체인","2019-06-21",11563
"SPB-11563","2019-12-17 13:40","기타 ","2019-12-17",11563
"SPB-11597","2018-04-17 14:05","단말기","2018-04-17",11597
"SPB-11597","2018-05-06 17:58","단말기","2018-05-06",11597
"SPB-11714","2018-07-04 22:23","기타 ","2018-07-04",11714
"SPB-11714","2018-10-26 19:32","체인","2018-10-26",11714
"SPB-11727","2019-07-08 5:00","페달","2019-07-08",11727
"SPB-11727","2019-08-09 12:57","단말기","2019-08-09",11727
"SPB-11728","2018-05-21 9:10","체인","2018-05-21",11728
"SPB-11728","2019-08-26 20:42","타이어 ","2019-08-26",11728
"SPB-11728","2019-10-17 17:40","기타 ","2019-10-17",11728
"SPB-11796","2018-07-14 3:43","페달","2018-07-14",11796
"SPB-11796","2019-06-14 4:42","체인","2019-06-14",11796
"SPB-11807","2018-08-06 22:59","기타 ","2018-08-06",11807
"SPB-11807","2019-09-20 23:55","단말기","2019-09-20",11807
"SPB-11807","2019-11-20 8:53","기타 ","2019-11-20",11807
"SPB-11966","2018-05-15 11:11","페달","2018-05-15",11966
"SPB-11966","2019-06-11 21:54","기타 ","2019-06-11",11966
"SPB-12032","2018-06-19 11:33","안장","2018-06-19",12032
"SPB-12032","2019-06-01 21:48","체인","2019-06-01",12032
"SPB-12106","2018-11-12 11:57","기타 ","2018-11-12",12106
"SPB-12106","2019-04-20 19:03","기타 ","2019-04-20",12106
"SPB-12106","2019-10-10 14:27","페달","2019-10-10",12106
"SPB-12171","2019-07-22 3:34","단말기","2019-07-22",12171
"SPB-12171","2019-08-03 20:02","체인","2019-08-03",12171
"SPB-12182","2018-05-26 23:35","안장","2018-05-26",12182
"SPB-12182","2018-07-20 13:16","단말기","2018-07-20",12182
"SPB-12209","2019-09-19 21:52","안장","2019-09-19",12209
"SPB-12209","2019-09-21 22:46","단말기","2019-09-21",12209
"SPB-12241","2019-08-05 9:12","체인","2019-08-05",12241
"SPB-12241","2019-09-16 15:11","타이어 ","2019-09-16",12241
"SPB-12241","2019-09-17 13:10","기타 ","2019-09-17",12241
"SPB-12241","2019-10-03 15:33","기타 ","2019-10-03",12241
"SPB-12264","2018-11-07 22:57","체인","2018-11-07",12264
"SPB-12264","2019-07-24 22:49","타이어 ","2019-07-24",12264
"SPB-12345","2019-05-06 2:48","단말기","2019-05-06",12345
"SPB-12345","2019-08-26 18:04","체인","2019-08-26",12345
"SPB-12398","2018-08-17 23:21","단말기","2018-08-17",12398
"SPB-12398","2018-11-17 18:34","체인","2018-11-17",12398
"SPB-12398","2019-04-02 16:17","안장","2019-04-02",12398
"SPB-12424","2019-07-22 7:24","타이어 ","2019-07-22",12424
"SPB-12424","2019-07-23 17:13","타이어 ","2019-07-23",12424
"SPB-12502","2018-06-08 0:45","타이어 ","2018-06-08",12502
"SPB-12502","2019-04-16 1:20","단말기","2019-04-16",12502
"SPB-12508","2019-02-12 10:03","기타 ","2019-02-12",12508
"SPB-12508","2019-10-18 9:30","안장","2019-10-18",12508
"SPB-12526","2018-08-01 6:07","체인","2018-08-01",12526
"SPB-12526","2018-08-09 8:39","기타 ","2018-08-09",12526
"SPB-12526","2019-10-06 0:18","페달","2019-10-06",12526
"SPB-12529","2018-07-08 23:03","체인","2018-07-08",12529
"SPB-12529","2019-09-16 3:33","단말기","2019-09-16",12529
"SPB-12543","2018-06-20 21:40","안장","2018-06-20",12543
"SPB-12543","2018-08-13 19:37","기타 ","2018-08-13",12543
"SPB-12628","2019-07-20 3:42","단말기","2019-07-20",12628
"SPB-12628","2019-11-06 18:32","기타 ","2019-11-06",12628
"SPB-12645","2019-07-13 13:29","타이어 ","2019-07-13",12645
"SPB-12645","2019-08-13 20:34","단말기","2019-08-13",12645
"SPB-12645","2019-10-25 17:33","타이어 ","2019-10-25",12645
"SPB-12645","2019-11-02 3:48","타이어 ","2019-11-02",12645
"SPB-12645","2019-11-03 15:39","타이어 ","2019-11-03",12645
"SPB-12690","2019-07-20 22:27","단말기","2019-07-20",12690
"SPB-12690","2019-08-20 21:38","타이어 ","2019-08-20",12690
"SPB-12691","2019-07-18 20:13","기타 ","2019-07-18",12691
"SPB-12691","2019-10-03 23:08","타이어 ","2019-10-03",12691
"SPB-12807","2018-07-16 16:32","단말기","2018-07-16",12807
"SPB-12807","2018-09-16 21:31","페달","2018-09-16",12807
"SPB-12878","2019-10-19 21:09","안장","2019-10-19",12878
"SPB-12878","2019-11-25 12:52","안장","2019-11-25",12878
"SPB-12884","2018-06-23 0:05","기타 ","2018-06-23",12884
"SPB-12884","2018-10-22 18:58","체인","2018-10-22",12884
"SPB-12884","2018-11-18 19:46","기타 ","2018-11-18",12884
"SPB-12911","2018-08-03 15:22","타이어 ","2018-08-03",12911
"SPB-12911","2018-08-04 4:11","타이어 ","2018-08-04",12911
"SPB-12914","2018-06-27 20:29","안장","2018-06-27",12914
"SPB-12914","2019-04-13 20:04","체인","2019-04-13",12914
"SPB-12914","2019-07-23 6:37","체인","2019-07-23",12914
"SPB-12938","2019-06-15 1:26","안장","2019-06-15",12938
"SPB-12938","2019-06-16 13:29","안장","2019-06-16",12938
"SPB-12949","2019-03-24 16:58","단말기","2019-03-24",12949
"SPB-12949","2019-06-24 23:21","안장","2019-06-24",12949
"SPB-13002","2018-05-21 19:09","안장","2018-05-21",13002
"SPB-13002","2018-07-21 9:02","단말기","2018-07-21",13002
"SPB-13085","2019-09-14 0:24","체인","2019-09-14",13085
"SPB-13085","2019-10-04 17:28","안장","2019-10-04",13085
"SPB-13108","2018-10-24 22:20","체인","2018-10-24",13108
"SPB-13108","2019-10-14 17:08","안장","2019-10-14",13108
"SPB-13225","2018-05-25 23:45","기타 ","2018-05-25",13225
"SPB-13225","2018-12-06 17:31","타이어 ","2018-12-06",13225
"SPB-13225","2019-09-30 18:31","안장","2019-09-30",13225
"SPB-13272","2018-09-17 23:22","타이어 ","2018-09-17",13272
"SPB-13272","2019-04-05 17:08","페달","2019-04-05",13272
"SPB-13275","2019-05-14 17:36","단말기","2019-05-14",13275
"SPB-13275","2019-06-03 13:26","안장","2019-06-03",13275
"SPB-13338","2019-04-01 0:22","단말기","2019-04-01",13338
"SPB-13338","2019-07-10 13:18","안장","2019-07-10",13338
"SPB-13390","2018-11-14 21:20","안장","2018-11-14",13390
"SPB-13390","2019-10-15 1:23","단말기","2019-10-15",13390
"SPB-13439","2019-12-09 13:14","타이어 ","2019-12-09",13439
"SPB-13439","2019-12-23 19:27","기타 ","2019-12-23",13439
"SPB-13494","2018-10-23 8:18","페달","2018-10-23",13494
"SPB-13494","2018-11-01 13:58","페달","2018-11-01",13494
"SPB-13494","2018-11-02 23:51","안장","2018-11-02",13494
"SPB-13494","2018-11-03 19:31","체인","2018-11-03",13494
"SPB-13508","2018-08-04 21:15","체인","2018-08-04",13508
"SPB-13508","2019-06-21 17:06","기타 ","2019-06-21",13508
"SPB-13530","2018-09-12 5:03","단말기","2018-09-12",13530
"SPB-13530","2019-07-24 10:53","안장","2019-07-24",13530
"SPB-13574","2018-06-04 20:31","단말기","2018-06-04",13574
"SPB-13574","2019-04-17 10:16","기타 ","2019-04-17",13574
"SPB-13594","2019-05-07 11:16","단말기","2019-05-07",13594
"SPB-13594","2019-08-10 12:54","타이어 ","2019-08-10",13594
"SPB-13599","2019-11-20 17:49","체인","2019-11-20",13599
"SPB-13599","2019-12-02 18:53","안장","2019-12-02",13599
"SPB-13615","2018-10-08 0:41","페달","2018-10-08",13615
"SPB-13615","2019-04-14 14:06","타이어 ","2019-04-14",13615
"SPB-13648","2019-09-23 16:28","타이어 ","2019-09-23",13648
"SPB-13648","2019-09-25 12:06","기타 ","2019-09-25",13648
"SPB-13710","2018-11-02 10:44","체인","2018-11-02",13710
"SPB-13710","2019-03-21 19:26","기타 ","2019-03-21",13710
"SPB-13711","2019-11-02 16:27","체인","2019-11-02",13711
"SPB-13711","2019-11-19 15:49","체인","2019-11-19",13711
"SPB-13722","2018-11-11 9:39","체인","2018-11-11",13722
"SPB-13722","2019-10-08 19:17","체인","2019-10-08",13722
"SPB-13734","2018-09-13 16:58","안장","2018-09-13",13734
"SPB-13734","2019-11-14 21:13","기타 ","2019-11-14",13734
"SPB-13758","2018-09-18 2:50","타이어 ","2018-09-18",13758
"SPB-13758","2019-03-25 6:58","단말기","2019-03-25",13758
"SPB-13767","2018-10-15 8:57","안장","2018-10-15",13767
"SPB-13767","2018-10-17 21:40","안장","2018-10-17",13767
"SPB-13767","2019-05-12 2:42","기타 ","2019-05-12",13767
"SPB-13773","2019-07-09 17:48","체인","2019-07-09",13773
"SPB-13773","2019-07-17 8:52","체인","2019-07-17",13773
"SPB-13795","2019-06-13 1:13","타이어 ","2019-06-13",13795
"SPB-13795","2019-10-15 22:23","체인","2019-10-15",13795
"SPB-13847","2018-09-11 20:18","체인","2018-09-11",13847
"SPB-13847","2019-06-07 23:13","단말기","2019-06-07",13847
"SPB-13852","2018-09-11 7:48","기타 ","2018-09-11",13852
"SPB-13852","2018-09-25 15:39","기타 ","2018-09-25",13852
"SPB-13858","2018-09-29 2:43","기타 ","2018-09-29",13858
"SPB-13858","2019-09-15 22:22","단말기","2019-09-15",13858
"SPB-13858","2019-09-27 21:48","체인","2019-09-27",13858
"SPB-13860","2018-11-09 12:29","기타 ","2018-11-09",13860
"SPB-13860","2019-05-09 17:33","체인","2019-05-09",13860
"SPB-13905","2018-07-18 0:40","단말기","2018-07-18",13905
"SPB-13905","2019-08-10 14:53","타이어 ","2019-08-10",13905
"SPB-13921","2019-07-02 19:58","체인","2019-07-02",13921
"SPB-13921","2019-10-12 20:19","체인","2019-10-12",13921
"SPB-13923","2019-05-03 16:37","체인","2019-05-03",13923
"SPB-13923","2019-10-12 19:24","안장","2019-10-12",13923
"SPB-13930","2019-09-25 16:47","타이어 ","2019-09-25",13930
"SPB-13930","2019-09-27 23:30","체인","2019-09-27",13930
"SPB-14061","2018-10-04 14:49","체인","2018-10-04",14061
"SPB-14061","2019-12-22 17:30","기타 ","2019-12-22",14061
"SPB-14063","2018-07-21 7:02","페달","2018-07-21",14063
"SPB-14063","2019-05-03 23:41","안장","2019-05-03",14063
"SPB-14073","2018-10-08 22:47","체인","2018-10-08",14073
"SPB-14073","2019-07-17 9:16","기타 ","2019-07-17",14073
"SPB-14185","2019-05-08 6:29","안장","2019-05-08",14185
"SPB-14185","2019-05-13 0:45","단말기","2019-05-13",14185
"SPB-14207","2019-04-20 11:30","안장","2019-04-20",14207
"SPB-14207","2019-10-10 22:54","타이어 ","2019-10-10",14207
"SPB-14216","2019-07-15 20:31","타이어 ","2019-07-15",14216
"SPB-14216","2019-10-18 8:47","타이어 ","2019-10-18",14216
"SPB-14232","2018-08-24 21:43","체인","2018-08-24",14232
"SPB-14232","2019-03-23 17:56","체인","2019-03-23",14232
"SPB-14234","2019-10-12 19:45","기타 ","2019-10-12",14234
"SPB-14234","2019-10-15 18:04","체인","2019-10-15",14234
"SPB-14276","2019-08-25 19:31","체인","2019-08-25",14276
"SPB-14276","2019-10-14 18:33","기타 ","2019-10-14",14276
"SPB-14276","2019-10-21 19:40","페달","2019-10-21",14276
"SPB-14333","2018-06-23 6:05","기타 ","2018-06-23",14333
"SPB-14333","2019-05-11 21:46","타이어 ","2019-05-11",14333
"SPB-14333","2019-06-19 18:35","체인","2019-06-19",14333
"SPB-14337","2019-06-22 15:57","체인","2019-06-22",14337
"SPB-14337","2019-08-18 22:49","안장","2019-08-18",14337
"SPB-14356","2019-08-01 22:58","타이어 ","2019-08-01",14356
"SPB-14356","2019-08-05 7:38","타이어 ","2019-08-05",14356
"SPB-14400","2018-07-12 15:48","기타 ","2018-07-12",14400
"SPB-14400","2019-07-14 17:24","안장","2019-07-14",14400
"SPB-14420","2018-06-04 19:21","안장","2018-06-04",14420
"SPB-14420","2019-09-13 16:16","타이어 ","2019-09-13",14420
"SPB-14430","2019-03-25 22:22","체인","2019-03-25",14430
"SPB-14430","2019-04-07 18:41","체인","2019-04-07",14430
"SPB-14439","2018-11-14 22:12","단말기","2018-11-14",14439
"SPB-14439","2019-08-26 8:56","체인","2019-08-26",14439
"SPB-14458","2019-03-06 0:29","체인","2019-03-06",14458
"SPB-14458","2019-11-24 0:29","기타 ","2019-11-24",14458
"SPB-14465","2018-06-12 20:25","안장","2018-06-12",14465
"SPB-14465","2019-08-18 15:41","타이어 ","2019-08-18",14465
"SPB-14483","2018-08-16 17:31","단말기","2018-08-16",14483
"SPB-14483","2019-07-17 9:08","안장","2019-07-17",14483
"SPB-14492","2019-08-19 23:49","타이어 ","2019-08-19",14492
"SPB-14492","2019-10-11 17:49","타이어 ","2019-10-11",14492
"SPB-14506","2018-07-29 20:13","페달","2018-07-29",14506
"SPB-14506","2019-09-19 18:29","단말기","2019-09-19",14506
"SPB-14519","2018-06-27 17:18","안장","2018-06-27",14519
"SPB-14519","2019-06-01 23:17","안장","2019-06-01",14519
"SPB-14519","2019-06-03 2:01","체인","2019-06-03",14519
"SPB-14587","2018-07-03 20:23","타이어 ","2018-07-03",14587
"SPB-14587","2019-06-13 18:49","안장","2019-06-13",14587
"SPB-14587","2019-07-01 22:26","기타 ","2019-07-01",14587
"SPB-14599","2018-07-08 12:22","기타 ","2018-07-08",14599
"SPB-14599","2018-10-24 21:39","체인","2018-10-24",14599
"SPB-14607","2018-06-24 6:47","기타 ","2018-06-24",14607
"SPB-14607","2019-08-09 1:48","단말기","2019-08-09",14607
"SPB-14611","2019-06-30 21:44","기타 ","2019-06-30",14611
"SPB-14611","2019-07-07 14:50","타이어 ","2019-07-07",14611
"SPB-14613","2018-11-22 14:59","체인","2018-11-22",14613
"SPB-14613","2019-08-07 13:41","체인","2019-08-07",14613
"SPB-14649","2019-06-10 19:40","기타 ","2019-06-10",14649
"SPB-14649","2019-10-18 8:12","기타 ","2019-10-18",14649
"SPB-14667","2018-06-18 0:17","타이어 ","2018-06-18",14667
"SPB-14667","2018-12-09 12:01","기타 ","2018-12-09",14667
"SPB-14706","2019-03-23 3:17","타이어 ","2019-03-23",14706
"SPB-14706","2019-06-16 4:22","안장","2019-06-16",14706
"SPB-14710","2019-09-30 20:08","타이어 ","2019-09-30",14710
"SPB-14710","2019-10-12 18:52","기타 ","2019-10-12",14710
"SPB-14712","2019-02-25 19:06","체인","2019-02-25",14712
"SPB-14712","2019-08-03 2:50","페달","2019-08-03",14712
"SPB-14740","2018-11-12 20:26","체인","2018-11-12",14740
"SPB-14740","2019-05-05 18:42","체인","2019-05-05",14740
"SPB-14750","2018-08-19 19:04","체인","2018-08-19",14750
"SPB-14750","2018-11-27 20:50","페달","2018-11-27",14750
"SPB-14754","2018-06-10 14:42","기타 ","2018-06-10",14754
"SPB-14754","2019-06-12 16:37","페달","2019-06-12",14754
"SPB-14804","2018-10-31 23:11","체인","2018-10-31",14804
"SPB-14804","2019-05-12 12:16","체인","2019-05-12",14804
"SPB-14847","2019-08-03 13:57","타이어 ","2019-08-03",14847
"SPB-14847","2019-08-16 11:33","페달","2019-08-16",14847
"SPB-14853","2019-04-21 18:22","단말기","2019-04-21",14853
"SPB-14853","2019-08-01 18:33","단말기","2019-08-01",14853
"SPB-14858","2019-09-28 16:21","체인","2019-09-28",14858
"SPB-14858","2019-09-30 8:33","체인","2019-09-30",14858
"SPB-14869","2019-04-16 23:16","타이어 ","2019-04-16",14869
"SPB-14869","2019-04-17 12:27","타이어 ","2019-04-17",14869
"SPB-14889","2019-06-23 19:05","안장","2019-06-23",14889
"SPB-14889","2019-08-23 23:33","안장","2019-08-23",14889
"SPB-14906","2018-10-25 8:50","페달","2018-10-25",14906
"SPB-14906","2018-10-31 18:52","기타 ","2018-10-31",14906
"SPB-14906","2019-02-12 14:28","타이어 ","2019-02-12",14906
"SPB-14906","2019-10-25 1:37","체인","2019-10-25",14906
"SPB-14909","2018-08-11 23:31","타이어 ","2018-08-11",14909
"SPB-14909","2019-10-04 18:16","기타 ","2019-10-04",14909
"SPB-14962","2019-07-21 20:43","타이어 ","2019-07-21",14962
"SPB-14962","2019-09-26 15:52","안장","2019-09-26",14962
"SPB-14962","2019-10-26 17:12","기타 ","2019-10-26",14962
"SPB-14971","2019-08-31 21:11","타이어 ","2019-08-31",14971
"SPB-14971","2019-09-01 17:43","타이어 ","2019-09-01",14971
"SPB-14994","2018-08-18 21:56","페달","2018-08-18",14994
"SPB-14994","2018-08-25 23:28","안장","2018-08-25",14994
"SPB-14995","2019-08-28 14:45","체인","2019-08-28",14995
"SPB-14995","2019-09-05 10:01","체인","2019-09-05",14995
"SPB-15040","2018-10-08 14:53","타이어 ","2018-10-08",15040
"SPB-15040","2019-06-29 13:07","체인","2019-06-29",15040
"SPB-15050","2019-09-13 21:25","타이어 ","2019-09-13",15050
"SPB-15050","2019-09-30 13:34","체인","2019-09-30",15050
"SPB-15058","2018-08-18 22:11","안장","2018-08-18",15058
"SPB-15058","2018-08-22 22:11","안장","2018-08-22",15058
"SPB-15093","2019-10-22 12:07","안장","2019-10-22",15093
"SPB-15093","2019-11-12 18:41","타이어 ","2019-11-12",15093
"SPB-15147","2019-04-23 17:05","체인","2019-04-23",15147
"SPB-15147","2019-09-19 22:36","페달","2019-09-19",15147
"SPB-15150","2019-05-07 12:00","안장","2019-05-07",15150
"SPB-15150","2019-08-06 22:24","타이어 ","2019-08-06",15150
"SPB-15215","2019-11-02 1:33","페달","2019-11-02",15215
"SPB-15215","2019-11-03 2:48","안장","2019-11-03",15215
"SPB-15220","2019-03-09 0:29","기타 ","2019-03-09",15220
"SPB-15220","2019-03-13 7:54","체인","2019-03-13",15220
"SPB-15249","2019-08-20 10:56","체인","2019-08-20",15249
"SPB-15249","2019-10-13 6:25","체인","2019-10-13",15249
"SPB-15306","2019-06-17 23:03","페달","2019-06-17",15306
"SPB-15306","2019-09-15 17:03","안장","2019-09-15",15306
"SPB-15306","2019-09-29 14:45","기타 ","2019-09-29",15306
"SPB-15324","2019-10-06 23:05","체인","2019-10-06",15324
"SPB-15324","2019-10-08 21:09","체인","2019-10-08",15324
"SPB-15334","2018-09-09 19:13","안장","2018-09-09",15334
"SPB-15334","2019-10-04 2:59","기타 ","2019-10-04",15334
"SPB-15338","2018-07-20 8:55","기타 ","2018-07-20",15338
"SPB-15338","2018-07-22 9:07","페달","2018-07-22",15338
"SPB-15384","2019-10-12 14:25","기타 ","2019-10-12",15384
"SPB-15384","2019-10-15 22:20","타이어 ","2019-10-15",15384
"SPB-15397","2019-08-30 14:57","체인","2019-08-30",15397
"SPB-15397","2019-10-29 15:27","체인","2019-10-29",15397
"SPB-15421","2019-06-19 19:02","체인","2019-06-19",15421
"SPB-15421","2019-06-20 23:01","체인","2019-06-20",15421
"SPB-15421","2019-06-21 23:48","체인","2019-06-21",15421
"SPB-15421","2019-07-15 10:17","체인","2019-07-15",15421
"SPB-15423","2019-02-20 17:20","타이어 ","2019-02-20",15423
"SPB-15423","2019-06-16 19:03","단말기","2019-06-16",15423
"SPB-15444","2018-09-30 13:25","타이어 ","2018-09-30",15444
"SPB-15444","2019-02-26 17:09","기타 ","2019-02-26",15444
"SPB-15448","2018-07-24 22:54","단말기","2018-07-24",15448
"SPB-15448","2019-04-22 22:17","체인","2019-04-22",15448
"SPB-15505","2019-09-15 14:04","타이어 ","2019-09-15",15505
"SPB-15505","2019-09-17 19:28","기타 ","2019-09-17",15505
"SPB-15549","2019-09-13 7:49","단말기","2019-09-13",15549
"SPB-15549","2019-09-24 19:27","안장","2019-09-24",15549
"SPB-15558","2019-09-23 19:28","체인","2019-09-23",15558
"SPB-15558","2019-10-12 21:00","타이어 ","2019-10-12",15558
"SPB-15558","2019-10-18 18:37","타이어 ","2019-10-18",15558
"SPB-15581","2019-10-31 17:34","기타 ","2019-10-31",15581
"SPB-15581","2019-11-03 18:18","단말기","2019-11-03",15581
"SPB-15581","2019-11-04 18:24","타이어 ","2019-11-04",15581
"SPB-15588","2019-06-10 18:19","체인","2019-06-10",15588
"SPB-15588","2019-08-19 17:47","페달","2019-08-19",15588
"SPB-15602","2018-10-24 14:24","안장","2018-10-24",15602
"SPB-15602","2019-09-01 14:18","체인","2019-09-01",15602
"SPB-15638","2018-09-11 23:20","단말기","2018-09-11",15638
"SPB-15638","2019-07-07 23:03","체인","2019-07-07",15638
"SPB-15653","2019-11-19 12:48","기타 ","2019-11-19",15653
"SPB-15653","2019-11-22 8:41","타이어 ","2019-11-22",15653
"SPB-15653","2019-12-08 13:29","기타 ","2019-12-08",15653
"SPB-15662","2019-07-07 18:44","타이어 ","2019-07-07",15662
"SPB-15662","2019-07-23 14:05","타이어 ","2019-07-23",15662
"SPB-15662","2019-07-29 18:53","타이어 ","2019-07-29",15662
"SPB-15702","2019-09-09 8:40","기타 ","2019-09-09",15702
"SPB-15702","2019-09-11 18:44","페달","2019-09-11",15702
"SPB-15707","2019-06-13 18:56","안장","2019-06-13",15707
"SPB-15707","2019-08-04 19:56","체인","2019-08-04",15707
"SPB-15707","2019-08-13 21:06","체인","2019-08-13",15707
"SPB-15710","2019-11-08 0:40","페달","2019-11-08",15710
"SPB-15710","2019-11-12 19:42","페달","2019-11-12",15710
"SPB-15714","2018-07-08 22:59","기타 ","2018-07-08",15714
"SPB-15714","2019-07-01 12:27","안장","2019-07-01",15714
"SPB-15717","2018-10-23 3:57","체인","2018-10-23",15717
"SPB-15717","2018-11-12 7:41","체인","2018-11-12",15717
"SPB-15717","2019-11-22 18:48","단말기","2019-11-22",15717
"SPB-15730","2019-09-17 15:13","체인","2019-09-17",15730
"SPB-15730","2019-11-04 13:20","안장","2019-11-04",15730
"SPB-15756","2018-04-09 11:13","타이어 ","2018-04-09",15756
"SPB-15756","2019-08-17 15:49","타이어 ","2019-08-17",15756
"SPB-15768","2019-05-11 18:30","체인","2019-05-11",15768
"SPB-15768","2019-09-03 10:35","기타 ","2019-09-03",15768
"SPB-15768","2019-10-05 22:24","기타 ","2019-10-05",15768
"SPB-15768","2019-12-19 13:32","타이어 ","2019-12-19",15768
"SPB-15786","2019-08-06 1:37","안장","2019-08-06",15786
"SPB-15786","2019-09-13 17:38","타이어 ","2019-09-13",15786
"SPB-15792","2018-11-11 14:39","체인","2018-11-11",15792
"SPB-15792","2019-11-03 19:45","기타 ","2019-11-03",15792
"SPB-15815","2018-06-29 23:54","타이어 ","2018-06-29",15815
"SPB-15815","2019-12-19 8:05","체인","2019-12-19",15815
"SPB-15817","2019-06-03 20:15","체인","2019-06-03",15817
"SPB-15817","2019-08-07 12:41","체인","2019-08-07",15817
"SPB-15831","2018-10-05 1:49","안장","2018-10-05",15831
"SPB-15831","2019-06-03 19:01","안장","2019-06-03",15831
"SPB-15831","2019-09-25 17:49","단말기","2019-09-25",15831
"SPB-15846","2019-09-02 21:35","타이어 ","2019-09-02",15846
"SPB-15846","2019-09-19 11:11","체인","2019-09-19",15846
"SPB-15867","2019-10-01 16:06","안장","2019-10-01",15867
"SPB-15867","2019-10-15 23:30","단말기","2019-10-15",15867
"SPB-15867","2019-10-18 0:40","단말기","2019-10-18",15867
"SPB-15873","2019-09-29 17:26","체인","2019-09-29",15873
"SPB-15873","2019-09-30 20:24","체인","2019-09-30",15873
"SPB-15879","2019-07-05 10:51","타이어 ","2019-07-05",15879
"SPB-15879","2019-11-01 21:23","기타 ","2019-11-01",15879
"SPB-15879","2019-11-03 21:32","체인","2019-11-03",15879
"SPB-15880","2019-06-17 13:06","체인","2019-06-17",15880
"SPB-15880","2019-08-24 21:14","타이어 ","2019-08-24",15880
"SPB-15885","2019-07-30 14:54","단말기","2019-07-30",15885
"SPB-15885","2019-09-09 12:02","기타 ","2019-09-09",15885
"SPB-15910","2019-10-08 12:40","체인","2019-10-08",15910
"SPB-15910","2019-10-10 16:09","안장","2019-10-10",15910
"SPB-15910","2019-10-12 10:36","체인","2019-10-12",15910
"SPB-15964","2019-01-14 16:42","안장","2019-01-14",15964
"SPB-15964","2019-08-18 19:35","단말기","2019-08-18",15964
"SPB-15968","2019-06-11 19:29","단말기","2019-06-11",15968
"SPB-15968","2019-10-05 20:57","체인","2019-10-05",15968
"SPB-16006","2019-11-04 23:15","기타 ","2019-11-04",16006
"SPB-16006","2019-11-05 19:39","페달","2019-11-05",16006
"SPB-16070","2018-12-17 8:03","안장","2018-12-17",16070
"SPB-16070","2019-05-08 10:31","단말기","2019-05-08",16070
"SPB-16070","2019-10-24 13:21","단말기","2019-10-24",16070
"SPB-16070","2019-10-25 10:00","기타 ","2019-10-25",16070
"SPB-16074","2018-10-25 15:29","페달","2018-10-25",16074
"SPB-16074","2019-10-21 11:15","타이어 ","2019-10-21",16074
"SPB-16099","2019-06-01 18:09","단말기","2019-06-01",16099
"SPB-16099","2019-08-23 21:52","타이어 ","2019-08-23",16099
"SPB-16130","2019-07-27 5:11","타이어 ","2019-07-27",16130
"SPB-16130","2019-08-06 9:40","타이어 ","2019-08-06",16130
"SPB-16144","2019-10-03 18:10","기타 ","2019-10-03",16144
"SPB-16144","2019-10-30 16:56","안장","2019-10-30",16144
"SPB-16154","2019-08-23 10:19","기타 ","2019-08-23",16154
"SPB-16154","2019-10-20 2:22","단말기","2019-10-20",16154
"SPB-16175","2018-09-28 8:49","기타 ","2018-09-28",16175
"SPB-16175","2019-12-28 22:17","체인","2019-12-28",16175
"SPB-16186","2019-10-26 12:14","타이어 ","2019-10-26",16186
"SPB-16186","2019-12-14 2:29","단말기","2019-12-14",16186
"SPB-16191","2018-11-12 12:50","안장","2018-11-12",16191
"SPB-16191","2019-11-29 14:25","타이어 ","2019-11-29",16191
"SPB-16240","2019-04-10 19:30","기타 ","2019-04-10",16240
"SPB-16240","2019-04-13 2:59","체인","2019-04-13",16240
"SPB-16241","2018-11-06 15:03","단말기","2018-11-06",16241
"SPB-16241","2018-11-12 15:34","기타 ","2018-11-12",16241
"SPB-16280","2019-09-01 20:23","페달","2019-09-01",16280
"SPB-16280","2019-09-15 16:53","타이어 ","2019-09-15",16280
"SPB-16289","2019-06-22 17:51","기타 ","2019-06-22",16289
"SPB-16289","2019-07-02 20:41","체인","2019-07-02",16289
"SPB-16294","2018-12-30 17:20","체인","2018-12-30",16294
"SPB-16294","2019-09-23 12:20","기타 ","2019-09-23",16294
"SPB-16306","2019-06-25 23:29","체인","2019-06-25",16306
"SPB-16306","2019-06-26 18:29","체인","2019-06-26",16306
"SPB-16309","2019-07-17 11:36","기타 ","2019-07-17",16309
"SPB-16309","2019-09-23 18:35","기타 ","2019-09-23",16309
"SPB-16345","2018-10-20 17:06","체인","2018-10-20",16345
"SPB-16345","2018-11-16 15:07","단말기","2018-11-16",16345
"SPB-16390","2018-10-09 16:30","단말기","2018-10-09",16390
"SPB-16390","2019-07-10 2:24","타이어 ","2019-07-10",16390
"SPB-16396","2018-09-17 21:17","타이어 ","2018-09-17",16396
"SPB-16396","2019-05-13 21:16","타이어 ","2019-05-13",16396
"SPB-16428","2019-08-18 18:54","타이어 ","2019-08-18",16428
"SPB-16428","2019-08-23 23:35","체인","2019-08-23",16428
"SPB-16438","2019-10-12 16:49","체인","2019-10-12",16438
"SPB-16438","2019-10-14 13:03","체인","2019-10-14",16438
"SPB-16439","2019-09-05 2:52","기타 ","2019-09-05",16439
"SPB-16439","2019-09-06 11:33","타이어 ","2019-09-06",16439
"SPB-16488","2018-07-22 23:07","타이어 ","2018-07-22",16488
"SPB-16488","2019-01-23 0:17","안장","2019-01-23",16488
"SPB-16489","2018-10-01 11:17","타이어 ","2018-10-01",16489
"SPB-16489","2019-10-11 17:39","안장","2019-10-11",16489
"SPB-16499","2019-05-07 12:20","타이어 ","2019-05-07",16499
"SPB-16499","2019-05-12 21:15","체인","2019-05-12",16499
"SPB-16499","2019-09-08 19:26","타이어 ","2019-09-08",16499
"SPB-16556","2019-09-09 19:53","체인","2019-09-09",16556
"SPB-16556","2019-09-13 23:02","체인","2019-09-13",16556
"SPB-16579","2019-07-24 21:45","안장","2019-07-24",16579
"SPB-16579","2019-08-22 10:18","체인","2019-08-22",16579
"SPB-16641","2019-08-18 18:37","타이어 ","2019-08-18",16641
"SPB-16641","2019-11-05 8:54","기타 ","2019-11-05",16641
"SPB-16725","2019-09-03 13:53","체인","2019-09-03",16725
"SPB-16725","2019-09-21 22:49","체인","2019-09-21",16725
"SPB-16737","2019-07-17 3:33","기타 ","2019-07-17",16737
"SPB-16737","2019-08-17 21:21","기타 ","2019-08-17",16737
"SPB-16781","2018-09-30 14:26","단말기","2018-09-30",16781
"SPB-16781","2018-11-13 8:38","기타 ","2018-11-13",16781
"SPB-16782","2019-10-10 19:31","체인","2019-10-10",16782
"SPB-16782","2019-12-15 21:55","체인","2019-12-15",16782
"SPB-16809","2018-07-03 17:23","단말기","2018-07-03",16809
"SPB-16809","2019-05-09 23:24","단말기","2019-05-09",16809
"SPB-16844","2018-10-16 8:46","안장","2018-10-16",16844
"SPB-16844","2019-09-02 6:07","체인","2019-09-02",16844
"SPB-16844","2019-10-06 19:13","기타 ","2019-10-06",16844
"SPB-16944","2018-07-15 15:18","단말기","2018-07-15",16944
"SPB-16944","2019-04-05 1:24","기타 ","2019-04-05",16944
"SPB-17011","2019-05-03 17:02","기타 ","2019-05-03",17011
"SPB-17011","2019-07-17 23:08","타이어 ","2019-07-17",17011
"SPB-17030","2019-06-01 21:03","체인","2019-06-01",17030
"SPB-17030","2019-06-03 14:24","안장","2019-06-03",17030
"SPB-17066","2019-10-10 19:26","체인","2019-10-10",17066
"SPB-17066","2019-10-18 18:36","타이어 ","2019-10-18",17066
"SPB-17066","2019-10-19 14:19","체인","2019-10-19",17066
"SPB-17070","2019-06-11 21:27","체인","2019-06-11",17070
"SPB-17070","2019-07-01 9:13","체인","2019-07-01",17070
"SPB-17082","2019-07-13 23:23","기타 ","2019-07-13",17082
"SPB-17082","2019-07-21 18:42","체인","2019-07-21",17082
"SPB-17099","2018-11-12 23:05","단말기","2018-11-12",17099
"SPB-17099","2019-06-27 10:50","타이어 ","2019-06-27",17099
"SPB-17146","2019-08-01 8:08","체인","2019-08-01",17146
"SPB-17146","2019-08-07 12:35","기타 ","2019-08-07",17146
"SPB-17151","2018-10-16 17:38","타이어 ","2018-10-16",17151
"SPB-17151","2019-04-15 18:33","페달","2019-04-15",17151
"SPB-17173","2018-08-31 22:05","안장","2018-08-31",17173
"SPB-17173","2019-06-30 8:50","단말기","2019-06-30",17173
"SPB-17178","2019-08-19 0:12","안장","2019-08-19",17178
"SPB-17178","2019-09-20 6:13","안장","2019-09-20",17178
"SPB-17212","2018-09-13 14:16","체인","2018-09-13",17212
"SPB-17212","2019-09-01 6:29","기타 ","2019-09-01",17212
"SPB-17263","2018-10-19 23:22","단말기","2018-10-19",17263
"SPB-17263","2019-10-08 8:39","타이어 ","2019-10-08",17263
"SPB-17269","2019-09-15 19:04","안장","2019-09-15",17269
"SPB-17269","2019-09-16 15:17","체인","2019-09-16",17269
"SPB-17269","2019-09-25 16:37","체인","2019-09-25",17269
"SPB-17276","2018-06-22 22:47","페달","2018-06-22",17276
"SPB-17276","2018-09-12 19:22","안장","2018-09-12",17276
"SPB-17278","2018-09-23 19:49","단말기","2018-09-23",17278
"SPB-17278","2019-11-22 17:44","체인","2019-11-22",17278
"SPB-17301","2018-10-18 13:15","타이어 ","2018-10-18",17301
"SPB-17301","2018-11-03 23:46","페달","2018-11-03",17301
"SPB-17305","2019-05-08 12:58","체인","2019-05-08",17305
"SPB-17305","2019-09-26 7:40","기타 ","2019-09-26",17305
"SPB-17313","2019-08-13 7:09","타이어 ","2019-08-13",17313
"SPB-17313","2019-11-16 19:57","타이어 ","2019-11-16",17313
"SPB-17340","2018-09-02 9:54","타이어 ","2018-09-02",17340
"SPB-17340","2019-11-25 12:45","단말기","2019-11-25",17340
"SPB-17354","2019-09-30 18:37","타이어 ","2019-09-30",17354
"SPB-17354","2019-10-01 22:35","타이어 ","2019-10-01",17354
"SPB-17354","2019-10-16 14:34","타이어 ","2019-10-16",17354
"SPB-17354","2019-11-09 14:15","페달","2019-11-09",17354
"SPB-17364","2019-06-20 16:02","타이어 ","2019-06-20",17364
"SPB-17364","2019-08-30 17:52","타이어 ","2019-08-30",17364
"SPB-17379","2019-06-27 8:20","안장","2019-06-27",17379
"SPB-17379","2019-06-28 17:58","체인","2019-06-28",17379
"SPB-17389","2018-09-02 4:41","단말기","2018-09-02",17389
"SPB-17389","2019-06-11 22:59","페달","2019-06-11",17389
"SPB-17429","2019-10-28 8:41","단말기","2019-10-28",17429
"SPB-17429","2019-12-17 19:11","단말기","2019-12-17",17429
"SPB-17445","2018-08-21 22:32","기타 ","2018-08-21",17445
"SPB-17445","2019-08-15 21:32","타이어 ","2019-08-15",17445
"SPB-17445","2019-11-14 8:22","타이어 ","2019-11-14",17445
"SPB-17451","2019-06-17 16:50","타이어 ","2019-06-17",17451
"SPB-17451","2019-07-07 19:39","타이어 ","2019-07-07",17451
"SPB-17468","2019-05-14 21:23","체인","2019-05-14",17468
"SPB-17468","2019-09-15 23:12","기타 ","2019-09-15",17468
"SPB-17474","2019-08-26 1:29","체인","2019-08-26",17474
"SPB-17474","2019-09-30 19:07","체인","2019-09-30",17474
"SPB-17619","2019-09-01 12:57","기타 ","2019-09-01",17619
"SPB-17619","2019-09-15 23:57","페달","2019-09-15",17619
"SPB-17630","2018-10-31 18:00","체인","2018-10-31",17630
"SPB-17630","2019-05-13 16:54","기타 ","2019-05-13",17630
"SPB-17652","2019-08-19 20:27","체인","2019-08-19",17652
"SPB-17652","2019-08-27 7:58","체인","2019-08-27",17652
"SPB-17652","2019-10-14 21:29","타이어 ","2019-10-14",17652
"SPB-17721","2019-05-10 4:08","체인","2019-05-10",17721
"SPB-17721","2019-09-26 21:39","체인","2019-09-26",17721
"SPB-17746","2019-09-21 8:05","체인","2019-09-21",17746
"SPB-17746","2019-09-28 17:55","안장","2019-09-28",17746
"SPB-17789","2019-07-12 23:21","기타 ","2019-07-12",17789
"SPB-17789","2019-07-14 20:41","기타 ","2019-07-14",17789
"SPB-17800","2019-08-01 23:17","단말기","2019-08-01",17800
"SPB-17800","2019-08-04 22:16","단말기","2019-08-04",17800
"SPB-17802","2019-08-20 17:53","페달","2019-08-20",17802
"SPB-17802","2019-08-25 12:47","안장","2019-08-25",17802
"SPB-17808","2018-09-07 12:54","기타 ","2018-09-07",17808
"SPB-17808","2019-08-14 10:08","타이어 ","2019-08-14",17808
"SPB-17808","2019-09-01 18:40","타이어 ","2019-09-01",17808
"SPB-17810","2019-06-01 2:53","기타 ","2019-06-01",17810
"SPB-17810","2019-09-11 21:02","타이어 ","2019-09-11",17810
"SPB-17821","2018-11-23 6:03","타이어 ","2018-11-23",17821
"SPB-17821","2019-07-23 3:15","타이어 ","2019-07-23",17821
"SPB-17828","2019-07-20 13:06","안장","2019-07-20",17828
"SPB-17828","2019-12-26 13:24","타이어 ","2019-12-26",17828
"SPB-17834","2019-06-15 0:20","단말기","2019-06-15",17834
"SPB-17834","2019-06-17 10:41","안장","2019-06-17",17834
"SPB-17834","2019-12-11 18:45","안장","2019-12-11",17834
"SPB-17853","2019-02-02 16:38","체인","2019-02-02",17853
"SPB-17853","2019-09-18 8:40","기타 ","2019-09-18",17853
"SPB-17854","2019-07-02 17:03","체인","2019-07-02",17854
"SPB-17854","2019-10-13 17:49","페달","2019-10-13",17854
"SPB-17883","2018-09-22 10:00","체인","2018-09-22",17883
"SPB-17883","2019-10-23 21:56","페달","2019-10-23",17883
"SPB-17893","2019-06-01 2:39","체인","2019-06-01",17893
"SPB-17893","2019-06-02 16:36","체인","2019-06-02",17893
"SPB-17893","2019-08-14 12:03","페달","2019-08-14",17893
"SPB-17904","2019-06-05 8:34","체인","2019-06-05",17904
"SPB-17904","2019-06-14 18:35","타이어 ","2019-06-14",17904
"SPB-17904","2019-09-26 18:33","기타 ","2019-09-26",17904
"SPB-17912","2018-10-18 14:56","체인","2018-10-18",17912
"SPB-17912","2019-06-25 13:17","체인","2019-06-25",17912
"SPB-17912","2019-06-27 7:45","체인","2019-06-27",17912
"SPB-17912","2019-07-01 22:18","페달","2019-07-01",17912
"SPB-17936","2019-08-05 21:52","타이어 ","2019-08-05",17936
"SPB-17936","2019-09-17 18:56","기타 ","2019-09-17",17936
"SPB-17944","2018-10-13 14:15","타이어 ","2018-10-13",17944
"SPB-17944","2019-08-22 22:09","타이어 ","2019-08-22",17944
"SPB-17948","2019-08-28 6:47","기타 ","2019-08-28",17948
"SPB-17948","2019-10-11 13:39","기타 ","2019-10-11",17948
"SPB-17950","2019-08-20 8:04","타이어 ","2019-08-20",17950
"SPB-17950","2019-09-25 20:03","체인","2019-09-25",17950
"SPB-17957","2019-04-20 1:21","단말기","2019-04-20",17957
"SPB-17957","2019-09-11 19:45","기타 ","2019-09-11",17957
"SPB-18033","2019-07-09 19:17","타이어 ","2019-07-09",18033
"SPB-18033","2019-08-01 9:44","타이어 ","2019-08-01",18033
"SPB-18045","2018-09-28 13:55","기타 ","2018-09-28",18045
"SPB-18045","2019-07-23 23:01","타이어 ","2019-07-23",18045
"SPB-18045","2019-08-01 7:46","체인","2019-08-01",18045
"SPB-18045","2019-09-21 10:27","체인","2019-09-21",18045
"SPB-18045","2019-10-13 13:57","기타 ","2019-10-13",18045
"SPB-18056","2019-06-15 13:27","안장","2019-06-15",18056
"SPB-18056","2019-07-01 21:47","체인","2019-07-01",18056
"SPB-18092","2018-10-14 19:06","페달","2018-10-14",18092
"SPB-18092","2019-05-05 18:57","안장","2019-05-05",18092
"SPB-18116","2019-08-08 13:52","체인","2019-08-08",18116
"SPB-18116","2019-08-26 19:16","체인","2019-08-26",18116
"SPB-18116","2019-09-25 21:54","체인","2019-09-25",18116
"SPB-18116","2019-10-04 23:05","체인","2019-10-04",18116
"SPB-18151","2018-09-02 11:28","타이어 ","2018-09-02",18151
"SPB-18151","2019-09-12 15:28","타이어 ","2019-09-12",18151
"SPB-18166","2019-09-26 22:07","체인","2019-09-26",18166
"SPB-18166","2019-12-02 10:03","페달","2019-12-02",18166
"SPB-18177","2019-10-30 17:56","기타 ","2019-10-30",18177
"SPB-18177","2019-11-16 14:53","체인","2019-11-16",18177
"SPB-18186","2019-09-27 10:17","단말기","2019-09-27",18186
"SPB-18186","2019-10-28 7:36","단말기","2019-10-28",18186
"SPB-18187","2019-09-02 16:22","기타 ","2019-09-02",18187
"SPB-18187","2019-11-12 20:13","안장","2019-11-12",18187
"SPB-18190","2019-04-22 19:43","타이어 ","2019-04-22",18190
"SPB-18190","2019-11-11 16:36","타이어 ","2019-11-11",18190
"SPB-18217","2019-08-01 23:06","기타 ","2019-08-01",18217
"SPB-18217","2019-08-07 21:54","타이어 ","2019-08-07",18217
"SPB-18234","2019-06-28 17:42","타이어 ","2019-06-28",18234
"SPB-18234","2019-07-05 10:52","타이어 ","2019-07-05",18234
"SPB-18246","2018-06-12 11:24","기타 ","2018-06-12",18246
"SPB-18246","2018-09-11 11:28","타이어 ","2018-09-11",18246
"SPB-18255","2019-10-10 23:51","단말기","2019-10-10",18255
"SPB-18255","2019-10-13 12:55","타이어 ","2019-10-13",18255
"SPB-18276","2019-06-09 13:34","체인","2019-06-09",18276
"SPB-18276","2019-07-15 21:35","페달","2019-07-15",18276
"SPB-18283","2019-08-03 3:33","기타 ","2019-08-03",18283
"SPB-18283","2019-08-08 9:14","페달","2019-08-08",18283
"SPB-18283","2019-08-10 11:02","체인","2019-08-10",18283
"SPB-18298","2018-08-15 4:08","기타 ","2018-08-15",18298
"SPB-18298","2018-09-23 0:42","페달","2018-09-23",18298
"SPB-18339","2019-04-23 0:32","안장","2019-04-23",18339
"SPB-18339","2019-08-25 23:39","체인","2019-08-25",18339
"SPB-18339","2019-08-28 19:47","페달","2019-08-28",18339
"SPB-18346","2018-09-05 23:10","기타 ","2018-09-05",18346
"SPB-18346","2018-10-29 22:24","타이어 ","2018-10-29",18346
"SPB-18346","2019-10-11 5:02","체인","2019-10-11",18346
"SPB-18385","2019-08-31 20:59","체인","2019-08-31",18385
"SPB-18385","2019-10-25 19:58","체인","2019-10-25",18385
"SPB-18412","2019-08-20 14:38","타이어 ","2019-08-20",18412
"SPB-18412","2019-08-21 7:45","타이어 ","2019-08-21",18412
"SPB-18416","2019-09-23 18:55","페달","2019-09-23",18416
"SPB-18416","2019-10-21 18:16","페달","2019-10-21",18416
"SPB-18435","2019-08-03 15:39","단말기","2019-08-03",18435
"SPB-18435","2019-09-11 14:57","타이어 ","2019-09-11",18435
"SPB-18450","2019-07-22 19:15","타이어 ","2019-07-22",18450
"SPB-18450","2019-09-26 20:53","단말기","2019-09-26",18450
"SPB-18464","2019-08-30 18:55","타이어 ","2019-08-30",18464
"SPB-18464","2019-09-01 17:49","안장","2019-09-01",18464
"SPB-18481","2018-12-21 21:47","체인","2018-12-21",18481
"SPB-18481","2019-11-10 12:12","체인","2019-11-10",18481
"SPB-18497","2018-11-24 4:18","단말기","2018-11-24",18497
"SPB-18497","2019-07-30 8:41","타이어 ","2019-07-30",18497
"SPB-18502","2019-07-23 18:37","체인","2019-07-23",18502
"SPB-18502","2019-09-23 17:08","타이어 ","2019-09-23",18502
"SPB-18502","2019-10-29 20:42","페달","2019-10-29",18502
"SPB-18516","2019-06-03 11:00","기타 ","2019-06-03",18516
"SPB-18516","2019-06-11 3:56","타이어 ","2019-06-11",18516
"SPB-18530","2019-04-05 22:48","기타 ","2019-04-05",18530
"SPB-18530","2019-05-15 21:38","타이어 ","2019-05-15",18530
"SPB-18542","2018-07-25 1:16","단말기","2018-07-25",18542
"SPB-18542","2018-08-01 3:37","기타 ","2018-08-01",18542
"SPB-18551","2019-06-04 1:45","단말기","2019-06-04",18551
"SPB-18551","2019-06-09 2:49","단말기","2019-06-09",18551
"SPB-18560","2018-10-08 7:59","단말기","2018-10-08",18560
"SPB-18560","2019-10-11 12:31","기타 ","2019-10-11",18560
"SPB-18621","2019-05-06 9:52","단말기","2019-05-06",18621
"SPB-18621","2019-10-13 17:27","타이어 ","2019-10-13",18621
"SPB-18676","2019-09-26 22:58","체인","2019-09-26",18676
"SPB-18676","2019-10-14 17:07","체인","2019-10-14",18676
"SPB-18696","2019-07-17 9:46","타이어 ","2019-07-17",18696
"SPB-18696","2019-10-09 6:56","체인","2019-10-09",18696
"SPB-18696","2019-10-14 17:35","타이어 ","2019-10-14",18696
"SPB-18846","2019-09-16 19:17","체인","2019-09-16",18846
"SPB-18846","2019-09-17 20:53","체인","2019-09-17",18846
"SPB-18874","2019-07-09 21:01","단말기","2019-07-09",18874
"SPB-18874","2019-09-20 14:45","단말기","2019-09-20",18874
"SPB-18890","2019-08-27 19:42","기타 ","2019-08-27",18890
"SPB-18890","2019-08-29 6:10","기타 ","2019-08-29",18890
"SPB-19008","2019-02-18 18:25","체인","2019-02-18",19008
"SPB-19008","2019-10-12 20:55","단말기","2019-10-12",19008
"SPB-19061","2019-09-12 9:24","체인","2019-09-12",19061
"SPB-19061","2019-09-13 18:47","안장","2019-09-13",19061
"SPB-19114","2019-05-02 7:33","타이어 ","2019-05-02",19114
"SPB-19114","2019-05-03 6:34","타이어 ","2019-05-03",19114
"SPB-19243","2018-10-23 23:18","체인","2018-10-23",19243
"SPB-19243","2019-09-30 9:17","페달","2019-09-30",19243
"SPB-19365","2019-06-07 18:39","안장","2019-06-07",19365
"SPB-19365","2019-09-23 23:56","기타 ","2019-09-23",19365
"SPB-19365","2019-10-29 23:00","단말기","2019-10-29",19365
"SPB-19389","2019-06-09 16:25","기타 ","2019-06-09",19389
"SPB-19389","2019-10-21 18:19","페달","2019-10-21",19389
"SPB-19397","2019-09-26 8:35","체인","2019-09-26",19397
"SPB-19397","2019-10-11 10:14","체인","2019-10-11",19397
"SPB-19415","2018-12-26 0:50","타이어 ","2018-12-26",19415
"SPB-19415","2019-04-23 5:05","단말기","2019-04-23",19415
"SPB-19441","2019-04-01 20:17","단말기","2019-04-01",19441
"SPB-19441","2019-06-27 21:28","타이어 ","2019-06-27",19441
"SPB-19441","2019-08-16 9:58","타이어 ","2019-08-16",19441
"SPB-19602","2019-01-26 23:00","단말기","2019-01-26",19602
"SPB-19602","2019-11-25 17:11","타이어 ","2019-11-25",19602
"SPB-19640","2019-02-18 6:34","단말기","2019-02-18",19640
"SPB-19640","2019-09-15 18:57","타이어 ","2019-09-15",19640
"SPB-19648","2019-09-01 22:32","단말기","2019-09-01",19648
"SPB-19648","2019-10-10 5:41","타이어 ","2019-10-10",19648
"SPB-19652","2019-07-30 21:52","안장","2019-07-30",19652
"SPB-19652","2019-08-14 22:02","체인","2019-08-14",19652
"SPB-19822","2019-06-02 17:20","안장","2019-06-02",19822
"SPB-19822","2019-06-23 5:12","단말기","2019-06-23",19822
"SPB-19843","2019-07-16 17:51","타이어 ","2019-07-16",19843
"SPB-19843","2019-07-18 20:05","타이어 ","2019-07-18",19843
"SPB-19877","2019-06-12 19:30","기타 ","2019-06-12",19877
"SPB-19877","2019-06-30 17:30","타이어 ","2019-06-30",19877
"SPB-19877","2019-10-05 4:49","타이어 ","2019-10-05",19877
"SPB-19886","2019-04-20 14:54","타이어 ","2019-04-20",19886
"SPB-19886","2019-10-03 14:04","단말기","2019-10-03",19886
"SPB-19890","2019-06-22 20:08","타이어 ","2019-06-22",19890
"SPB-19890","2019-10-10 22:57","단말기","2019-10-10",19890
"SPB-19892","2019-10-04 22:36","체인","2019-10-04",19892
"SPB-19892","2019-10-11 17:30","안장","2019-10-11",19892
"SPB-19928","2019-11-21 19:35","체인","2019-11-21",19928
"SPB-19928","2019-11-23 17:09","페달","2019-11-23",19928
"SPB-19972","2019-09-18 10:30","체인","2019-09-18",19972
"SPB-19972","2019-10-31 14:00","기타 ","2019-10-31",19972
"SPB-19996","2019-07-01 13:33","안장","2019-07-01",19996
"SPB-19996","2019-07-09 22:35","타이어 ","2019-07-09",19996
"SPB-20023","2019-07-18 13:22","체인","2019-07-18",20023
"SPB-20023","2019-08-02 17:47","체인","2019-08-02",20023
"SPB-20070","2019-10-05 12:25","단말기","2019-10-05",20070
"SPB-20070","2019-11-09 17:52","단말기","2019-11-09",20070
"SPB-20096","2019-08-13 6:31","기타 ","2019-08-13",20096
"SPB-20096","2019-10-03 22:46","단말기","2019-10-03",20096
"SPB-20103","2019-10-18 8:42","체인","2019-10-18",20103
"SPB-20103","2019-11-26 20:00","체인","2019-11-26",20103
"SPB-20233","2019-09-05 3:36","기타 ","2019-09-05",20233
"SPB-20233","2019-09-25 9:08","단말기","2019-09-25",20233
"SPB-20335","2019-09-02 22:20","체인","2019-09-02",20335
"SPB-20335","2019-11-06 19:40","페달","2019-11-06",20335
"SPB-20346","2019-06-14 15:01","기타 ","2019-06-14",20346
"SPB-20346","2019-07-12 20:01","타이어 ","2019-07-12",20346
"SPB-20385","2019-07-30 12:14","타이어 ","2019-07-30",20385
"SPB-20385","2019-08-19 23:07","체인","2019-08-19",20385
"SPB-20388","2019-10-01 10:29","단말기","2019-10-01",20388
"SPB-20388","2019-11-06 16:55","단말기","2019-11-06",20388
"SPB-20388","2019-11-19 22:42","단말기","2019-11-19",20388
"SPB-20417","2019-08-07 21:12","단말기","2019-08-07",20417
"SPB-20417","2019-10-20 0:39","단말기","2019-10-20",20417
"SPB-20444","2019-10-11 18:20","타이어 ","2019-10-11",20444
"SPB-20444","2019-12-28 20:08","타이어 ","2019-12-28",20444
"SPB-20458","2019-10-27 9:32","단말기","2019-10-27",20458
"SPB-20458","2019-11-01 11:42","페달","2019-11-01",20458
"SPB-20485","2019-09-23 8:29","단말기","2019-09-23",20485
"SPB-20485","2019-09-27 17:33","타이어 ","2019-09-27",20485
"SPB-20501","2019-11-09 19:15","기타 ","2019-11-09",20501
"SPB-20501","2019-11-10 13:16","기타 ","2019-11-10",20501
"SPB-20541","2019-07-10 15:07","단말기","2019-07-10",20541
"SPB-20541","2019-07-12 3:35","단말기","2019-07-12",20541
"SPB-20551","2019-07-23 12:20","기타 ","2019-07-23",20551
"SPB-20551","2019-09-29 22:05","체인","2019-09-29",20551
"SPB-20589","2019-06-07 16:40","단말기","2019-06-07",20589
"SPB-20589","2019-10-15 11:34","단말기","2019-10-15",20589
"SPB-20613","2019-07-07 1:39","체인","2019-07-07",20613
"SPB-20613","2019-07-09 10:19","체인","2019-07-09",20613
"SPB-20630","2019-09-13 17:28","안장","2019-09-13",20630
"SPB-20630","2019-10-06 23:07","단말기","2019-10-06",20630
"SPB-20793","2019-07-16 18:09","단말기","2019-07-16",20793
"SPB-20793","2019-07-17 16:51","단말기","2019-07-17",20793
"SPB-20829","2019-06-27 14:16","기타 ","2019-06-27",20829
"SPB-20829","2019-07-14 17:05","단말기","2019-07-14",20829
"SPB-20865","2019-07-04 22:08","단말기","2019-07-04",20865
"SPB-20865","2019-09-17 10:58","기타 ","2019-09-17",20865
"SPB-20947","2019-07-17 22:31","단말기","2019-07-17",20947
"SPB-20947","2019-09-25 9:27","타이어 ","2019-09-25",20947
"SPB-20976","2019-07-11 12:39","단말기","2019-07-11",20976
"SPB-20976","2019-11-11 8:20","단말기","2019-11-11",20976
"SPB-21013","2019-07-01 8:09","체인","2019-07-01",21013
"SPB-21013","2019-07-06 11:29","체인","2019-07-06",21013
"SPB-21013","2019-10-27 20:03","단말기","2019-10-27",21013
"SPB-21020","2019-10-19 10:16","기타 ","2019-10-19",21020
"SPB-21020","2019-10-22 14:34","기타 ","2019-10-22",21020
"SPB-21062","2019-10-12 17:38","기타 ","2019-10-12",21062
"SPB-21062","2019-10-24 9:58","타이어 ","2019-10-24",21062
"SPB-21104","2019-07-19 23:28","단말기","2019-07-19",21104
"SPB-21104","2019-07-20 18:05","단말기","2019-07-20",21104
"SPB-21110","2019-09-11 19:10","체인","2019-09-11",21110
"SPB-21110","2019-09-25 16:29","타이어 ","2019-09-25",21110
"SPB-21136","2019-09-01 18:29","단말기","2019-09-01",21136
"SPB-21136","2019-09-05 10:11","타이어 ","2019-09-05",21136
"SPB-21155","2019-12-07 18:36","단말기","2019-12-07",21155
"SPB-21155","2019-12-14 8:39","단말기","2019-12-14",21155
"SPB-21164","2019-06-21 13:48","타이어 ","2019-06-21",21164
"SPB-21164","2019-07-22 18:54","페달","2019-07-22",21164
"SPB-21164","2019-08-31 20:01","기타 ","2019-08-31",21164
"SPB-21193","2019-09-25 15:41","단말기","2019-09-25",21193
"SPB-21193","2019-10-22 15:55","타이어 ","2019-10-22",21193
"SPB-21193","2019-12-07 12:43","단말기","2019-12-07",21193
"SPB-21214","2019-08-29 18:59","기타 ","2019-08-29",21214
"SPB-21214","2019-09-11 19:36","타이어 ","2019-09-11",21214
"SPB-21214","2019-10-05 13:51","단말기","2019-10-05",21214
"SPB-21233","2019-07-08 22:08","기타 ","2019-07-08",21233
"SPB-21233","2019-08-02 12:17","단말기","2019-08-02",21233
"SPB-21236","2019-07-24 21:41","안장","2019-07-24",21236
"SPB-21236","2019-07-29 22:29","단말기","2019-07-29",21236
"SPB-21321","2019-10-20 23:16","단말기","2019-10-20",21321
"SPB-21321","2019-10-25 9:22","단말기","2019-10-25",21321
"SPB-21323","2019-07-09 8:37","체인","2019-07-09",21323
"SPB-21323","2019-08-05 21:22","체인","2019-08-05",21323
"SPB-21340","2019-09-03 6:46","페달","2019-09-03",21340
"SPB-21340","2019-10-18 12:08","체인","2019-10-18",21340
"SPB-21340","2019-10-24 18:59","페달","2019-10-24",21340
"SPB-21384","2019-06-07 20:41","단말기","2019-06-07",21384
"SPB-21384","2019-11-05 3:09","체인","2019-11-05",21384
"SPB-21384","2019-11-09 8:03","체인","2019-11-09",21384
"SPB-21472","2019-06-22 17:04","체인","2019-06-22",21472
"SPB-21472","2019-07-02 22:09","체인","2019-07-02",21472
"SPB-21480","2019-09-27 15:58","단말기","2019-09-27",21480
"SPB-21480","2019-11-04 7:40","안장","2019-11-04",21480
"SPB-21489","2019-07-01 22:08","체인","2019-07-01",21489
"SPB-21489","2019-07-03 23:28","페달","2019-07-03",21489
"SPB-21509","2019-07-01 7:47","단말기","2019-07-01",21509
"SPB-21509","2019-07-03 7:57","단말기","2019-07-03",21509
"SPB-21509","2019-07-09 1:03","단말기","2019-07-09",21509
"SPB-21532","2019-09-03 8:51","체인","2019-09-03",21532
"SPB-21532","2019-10-06 10:52","단말기","2019-10-06",21532
"SPB-21580","2019-07-24 11:16","단말기","2019-07-24",21580
"SPB-21580","2019-08-02 0:06","단말기","2019-08-02",21580
"SPB-21706","2019-07-07 10:20","체인","2019-07-07",21706
"SPB-21706","2019-07-23 18:24","기타 ","2019-07-23",21706
"SPB-21706","2019-11-02 20:08","기타 ","2019-11-02",21706
"SPB-21725","2019-07-15 13:33","기타 ","2019-07-15",21725
"SPB-21725","2019-11-30 17:28","기타 ","2019-11-30",21725
"SPB-21732","2019-09-26 6:19","페달","2019-09-26",21732
"SPB-21732","2019-11-27 23:30","기타 ","2019-11-27",21732
"SPB-21815","2019-07-09 10:08","단말기","2019-07-09",21815
"SPB-21815","2019-11-05 19:12","단말기","2019-11-05",21815
"SPB-21845","2019-10-17 21:33","기타 ","2019-10-17",21845
"SPB-21845","2019-11-20 8:56","기타 ","2019-11-20",21845
"SPB-21848","2019-09-16 19:32","체인","2019-09-16",21848
"SPB-21848","2019-09-17 20:49","단말기","2019-09-17",21848
"SPB-21873","2019-11-04 11:47","타이어 ","2019-11-04",21873
"SPB-21873","2019-11-05 18:03","타이어 ","2019-11-05",21873
"SPB-21894","2019-07-16 11:32","단말기","2019-07-16",21894
"SPB-21894","2019-07-23 1:09","단말기","2019-07-23",21894
"SPB-21894","2019-11-18 20:41","체인","2019-11-18",21894
"SPB-21894","2019-11-23 13:48","체인","2019-11-23",21894
"SPB-21894","2019-11-25 13:03","체인","2019-11-25",21894
"SPB-21894","2019-11-28 2:08","체인","2019-11-28",21894
"SPB-21913","2019-07-09 8:17","체인","2019-07-09",21913
"SPB-21913","2019-08-13 18:39","체인","2019-08-13",21913
"SPB-21913","2019-08-16 21:34","체인","2019-08-16",21913
"SPB-21950","2019-09-17 20:34","단말기","2019-09-17",21950
"SPB-21950","2019-10-04 23:53","단말기","2019-10-04",21950
"SPB-21950","2019-10-09 15:51","단말기","2019-10-09",21950
"SPB-21950","2019-10-16 16:42","타이어 ","2019-10-16",21950
"SPB-21954","2019-07-22 18:48","체인","2019-07-22",21954
"SPB-21954","2019-08-09 21:41","체인","2019-08-09",21954
"SPB-21969","2019-08-27 16:05","단말기","2019-08-27",21969
"SPB-21969","2019-09-25 18:18","단말기","2019-09-25",21969
"SPB-22047","2019-09-26 11:42","단말기","2019-09-26",22047
"SPB-22047","2019-12-02 9:30","단말기","2019-12-02",22047
"SPB-22075","2019-09-03 11:26","기타 ","2019-09-03",22075
"SPB-22075","2019-09-04 6:01","기타 ","2019-09-04",22075
"SPB-22108","2019-06-15 20:54","단말기","2019-06-15",22108
"SPB-22108","2019-11-20 9:07","단말기","2019-11-20",22108
"SPB-22114","2019-08-11 5:37","단말기","2019-08-11",22114
"SPB-22114","2019-08-14 18:33","단말기","2019-08-14",22114
"SPB-22156","2019-06-08 9:46","체인","2019-06-08",22156
"SPB-22156","2019-06-10 18:53","체인","2019-06-10",22156
"SPB-22156","2019-06-12 5:24","페달","2019-06-12",22156
"SPB-22156","2019-09-13 21:23","단말기","2019-09-13",22156
"SPB-22174","2019-09-02 22:46","체인","2019-09-02",22174
"SPB-22174","2019-11-21 18:00","타이어 ","2019-11-21",22174
"SPB-22178","2019-09-17 20:31","단말기","2019-09-17",22178
"SPB-22178","2019-11-04 23:03","페달","2019-11-04",22178
"SPB-22178","2019-11-05 18:48","체인","2019-11-05",22178
"SPB-22178","2019-11-16 0:20","체인","2019-11-16",22178
"SPB-22178","2019-11-21 15:09","체인","2019-11-21",22178
"SPB-22184","2019-07-06 20:57","단말기","2019-07-06",22184
"SPB-22184","2019-09-11 16:02","단말기","2019-09-11",22184
"SPB-22196","2019-06-04 7:53","단말기","2019-06-04",22196
"SPB-22196","2019-09-28 17:34","단말기","2019-09-28",22196
"SPB-22197","2019-09-20 22:06","타이어 ","2019-09-20",22197
"SPB-22197","2019-11-04 22:14","단말기","2019-11-04",22197
"SPB-22197","2019-11-21 18:07","체인","2019-11-21",22197
"SPB-22212","2019-08-05 18:45","타이어 ","2019-08-05",22212
"SPB-22212","2019-09-21 22:32","단말기","2019-09-21",22212
"SPB-22233","2019-08-20 16:32","기타 ","2019-08-20",22233
"SPB-22233","2019-08-28 13:11","타이어 ","2019-08-28",22233
"SPB-22249","2019-10-12 15:25","타이어 ","2019-10-12",22249
"SPB-22249","2019-12-04 18:33","체인","2019-12-04",22249
"SPB-22263","2019-09-02 18:40","체인","2019-09-02",22263
"SPB-22263","2019-09-06 11:31","체인","2019-09-06",22263
"SPB-22263","2019-09-08 15:33","체인","2019-09-08",22263
"SPB-22264","2019-08-18 16:43","체인","2019-08-18",22264
"SPB-22264","2019-09-20 14:49","페달","2019-09-20",22264
"SPB-22264","2019-10-16 12:33","타이어 ","2019-10-16",22264
"SPB-22275","2019-10-24 7:31","페달","2019-10-24",22275
"SPB-22275","2019-11-12 11:42","안장","2019-11-12",22275
"SPB-22307","2019-08-03 21:38","타이어 ","2019-08-03",22307
"SPB-22307","2019-10-05 22:33","단말기","2019-10-05",22307
"SPB-22319","2019-09-24 16:32","단말기","2019-09-24",22319
"SPB-22319","2019-10-14 15:20","단말기","2019-10-14",22319
"SPB-22320","2019-10-05 22:28","단말기","2019-10-05",22320
"SPB-22320","2019-10-14 10:23","단말기","2019-10-14",22320
"SPB-22336","2019-10-16 20:27","체인","2019-10-16",22336
"SPB-22336","2019-10-29 10:57","단말기","2019-10-29",22336
"SPB-22336","2019-11-08 11:23","체인","2019-11-08",22336
"SPB-22338","2019-10-09 17:22","체인","2019-10-09",22338
"SPB-22338","2019-10-28 19:17","체인","2019-10-28",22338
"SPB-22413","2019-07-23 20:15","단말기","2019-07-23",22413
"SPB-22413","2019-08-18 11:25","단말기","2019-08-18",22413
"SPB-22464","2019-10-20 18:05","안장","2019-10-20",22464
"SPB-22464","2019-11-14 18:37","안장","2019-11-14",22464
"SPB-22472","2019-11-05 8:16","체인","2019-11-05",22472
"SPB-22472","2019-11-06 13:47","기타 ","2019-11-06",22472
"SPB-22492","2019-09-30 9:19","타이어 ","2019-09-30",22492
"SPB-22492","2019-10-03 14:19","단말기","2019-10-03",22492
"SPB-22531","2019-07-23 18:54","체인","2019-07-23",22531
"SPB-22531","2019-10-23 5:36","체인","2019-10-23",22531
"SPB-22546","2019-06-04 10:16","단말기","2019-06-04",22546
"SPB-22546","2019-06-08 19:53","단말기","2019-06-08",22546
"SPB-22762","2019-07-04 19:50","체인","2019-07-04",22762
"SPB-22762","2019-09-27 22:08","기타 ","2019-09-27",22762
"SPB-22784","2019-06-08 18:34","단말기","2019-06-08",22784
"SPB-22784","2019-10-31 18:05","체인","2019-10-31",22784
"SPB-22811","2019-08-02 0:05","단말기","2019-08-02",22811
"SPB-22811","2019-08-03 21:27","기타 ","2019-08-03",22811
"SPB-22811","2019-08-17 13:15","단말기","2019-08-17",22811
"SPB-22826","2019-07-03 15:18","체인","2019-07-03",22826
"SPB-22826","2019-10-25 22:31","체인","2019-10-25",22826
"SPB-22888","2019-09-29 16:59","타이어 ","2019-09-29",22888
"SPB-22888","2019-09-30 9:10","타이어 ","2019-09-30",22888
"SPB-22959","2019-10-10 21:47","체인","2019-10-10",22959
"SPB-22959","2019-10-14 23:13","체인","2019-10-14",22959
"SPB-23002","2019-07-06 16:34","타이어 ","2019-07-06",23002
"SPB-23002","2019-09-19 7:28","타이어 ","2019-09-19",23002
"SPB-23009","2019-08-20 22:56","체인","2019-08-20",23009
"SPB-23009","2019-09-03 8:00","체인","2019-09-03",23009
"SPB-23025","2019-08-31 10:13","단말기","2019-08-31",23025
"SPB-23025","2019-10-06 18:59","타이어 ","2019-10-06",23025
"SPB-23043","2019-08-14 21:25","기타 ","2019-08-14",23043
"SPB-23043","2019-09-06 10:33","페달","2019-09-06",23043
"SPB-23288","2019-10-22 14:14","기타 ","2019-10-22",23288
"SPB-23288","2019-10-28 8:42","기타 ","2019-10-28",23288
"SPB-23367","2019-10-15 14:23","기타 ","2019-10-15",23367
"SPB-23367","2019-11-03 14:05","기타 ","2019-11-03",23367
"SPB-23414","2019-06-08 19:58","단말기","2019-06-08",23414
"SPB-23414","2019-10-18 11:41","체인","2019-10-18",23414
"SPB-23435","2019-10-25 18:14","단말기","2019-10-25",23435
"SPB-23435","2019-11-06 12:19","타이어 ","2019-11-06",23435
"SPB-23440","2019-08-24 9:54","체인","2019-08-24",23440
"SPB-23440","2019-08-25 1:50","단말기","2019-08-25",23440
"SPB-23445","2019-10-10 0:36","타이어 ","2019-10-10",23445
"SPB-23445","2019-10-13 12:54","타이어 ","2019-10-13",23445
"SPB-23447","2019-06-11 18:22","단말기","2019-06-11",23447
"SPB-23447","2019-09-16 19:22","체인","2019-09-16",23447
"SPB-23447","2019-11-04 7:03","단말기","2019-11-04",23447
"SPB-23449","2019-09-28 19:28","기타 ","2019-09-28",23449
"SPB-23449","2019-10-04 15:30","단말기","2019-10-04",23449
"SPB-23486","2019-08-28 12:07","단말기","2019-08-28",23486
"SPB-23486","2019-10-21 17:47","체인","2019-10-21",23486
"SPB-23517","2019-06-03 18:55","단말기","2019-06-03",23517
"SPB-23517","2019-06-28 7:53","단말기","2019-06-28",23517
"SPB-23527","2019-07-07 17:09","타이어 ","2019-07-07",23527
"SPB-23527","2019-07-08 8:19","타이어 ","2019-07-08",23527
"SPB-23577","2019-09-28 1:33","기타 ","2019-09-28",23577
"SPB-23577","2019-09-29 1:41","단말기","2019-09-29",23577
"SPB-23602","2019-10-05 1:25","단말기","2019-10-05",23602
"SPB-23602","2019-10-06 22:57","단말기","2019-10-06",23602
"SPB-23606","2019-11-06 3:42","체인","2019-11-06",23606
"SPB-23606","2019-12-12 10:19","단말기","2019-12-12",23606
"SPB-23698","2019-07-23 20:23","체인","2019-07-23",23698
"SPB-23698","2019-08-27 14:56","페달","2019-08-27",23698
"SPB-23842","2019-06-25 23:01","단말기","2019-06-25",23842
"SPB-23842","2019-11-16 13:25","단말기","2019-11-16",23842
"SPB-23846","2019-07-28 23:40","체인","2019-07-28",23846
"SPB-23846","2019-08-14 11:52","타이어 ","2019-08-14",23846
"SPB-23873","2019-11-04 11:41","단말기","2019-11-04",23873
"SPB-23873","2019-11-09 15:51","페달","2019-11-09",23873
"SPB-23881","2019-10-11 23:37","체인","2019-10-11",23881
"SPB-23881","2019-10-12 12:03","체인","2019-10-12",23881
"SPB-23913","2019-08-20 22:54","기타 ","2019-08-20",23913
"SPB-23913","2019-10-18 17:37","페달","2019-10-18",23913
"SPB-23958","2019-06-17 23:02","기타 ","2019-06-17",23958
"SPB-23958","2019-06-22 18:58","페달","2019-06-22",23958
"SPB-23979","2019-07-02 7:20","기타 ","2019-07-02",23979
"SPB-23979","2019-07-03 1:44","단말기","2019-07-03",23979
"SPB-23984","2019-10-16 18:35","체인","2019-10-16",23984
"SPB-23984","2019-10-20 15:30","기타 ","2019-10-20",23984
"SPB-23993","2019-08-04 6:34","체인","2019-08-04",23993
"SPB-23993","2019-09-16 18:09","체인","2019-09-16",23993
"SPB-23993","2019-10-27 15:08","기타 ","2019-10-27",23993
"SPB-23993","2019-10-28 15:51","페달","2019-10-28",23993
"SPB-24116","2019-06-01 14:27","기타 ","2019-06-01",24116
"SPB-24116","2019-08-31 22:08","단말기","2019-08-31",24116
"SPB-24139","2019-09-19 6:17","타이어 ","2019-09-19",24139
"SPB-24139","2019-12-05 21:29","안장","2019-12-05",24139
"SPB-24155","2019-10-06 21:41","체인","2019-10-06",24155
"SPB-24155","2019-10-07 21:09","체인","2019-10-07",24155
"SPB-24248","2019-07-28 21:06","단말기","2019-07-28",24248
"SPB-24248","2019-08-25 16:56","단말기","2019-08-25",24248
"SPB-24350","2019-10-12 19:08","단말기","2019-10-12",24350
"SPB-24350","2019-10-27 0:55","단말기","2019-10-27",24350
"SPB-24373","2019-09-15 18:08","단말기","2019-09-15",24373
"SPB-24373","2019-09-25 21:59","체인","2019-09-25",24373
"SPB-24380","2019-09-29 22:28","체인","2019-09-29",24380
"SPB-24380","2019-10-31 19:30","타이어 ","2019-10-31",24380
"SPB-24408","2019-09-21 0:17","체인","2019-09-21",24408
"SPB-24408","2019-09-23 19:37","페달","2019-09-23",24408
"SPB-24428","2019-11-01 8:22","페달","2019-11-01",24428
"SPB-24428","2019-11-09 19:05","단말기","2019-11-09",24428
"SPB-24456","2019-07-06 7:32","체인","2019-07-06",24456
"SPB-24456","2019-07-23 18:05","페달","2019-07-23",24456
"SPB-24462","2019-10-14 12:54","안장","2019-10-14",24462
"SPB-24462","2019-10-15 22:12","단말기","2019-10-15",24462
"SPB-24493","2019-07-18 8:49","체인","2019-07-18",24493
"SPB-24493","2019-08-09 5:35","체인","2019-08-09",24493
"SPB-24528","2019-08-18 3:10","타이어 ","2019-08-18",24528
"SPB-24528","2019-08-22 21:45","타이어 ","2019-08-22",24528
"SPB-24650","2019-10-29 18:38","페달","2019-10-29",24650
"SPB-24650","2019-11-06 15:08","기타 ","2019-11-06",24650
"SPB-24695","2019-10-25 19:20","체인","2019-10-25",24695
"SPB-24695","2019-10-28 16:48","체인","2019-10-28",24695
"SPB-24700","2019-10-23 18:45","체인","2019-10-23",24700
"SPB-24700","2019-10-25 10:26","체인","2019-10-25",24700
"SPB-24703","2019-09-21 18:22","체인","2019-09-21",24703
"SPB-24703","2019-11-26 7:41","체인","2019-11-26",24703
"SPB-24704","2019-09-20 14:40","체인","2019-09-20",24704
"SPB-24704","2019-09-21 11:58","체인","2019-09-21",24704
"SPB-24724","2019-06-26 5:56","체인","2019-06-26",24724
"SPB-24724","2019-08-21 4:44","체인","2019-08-21",24724
"SPB-24750","2019-06-14 21:44","페달","2019-06-14",24750
"SPB-24750","2019-07-03 21:37","페달","2019-07-03",24750
"SPB-24761","2019-09-24 21:45","단말기","2019-09-24",24761
"SPB-24761","2019-09-29 15:20","체인","2019-09-29",24761
"SPB-24761","2019-09-30 20:50","체인","2019-09-30",24761
"SPB-24761","2019-10-01 23:30","체인","2019-10-01",24761
"SPB-24887","2019-06-27 20:53","페달","2019-06-27",24887
"SPB-24887","2019-07-01 17:51","페달","2019-07-01",24887
"SPB-24930","2019-09-01 2:42","단말기","2019-09-01",24930
"SPB-24930","2019-11-19 13:16","체인","2019-11-19",24930
"SPB-24962","2019-10-15 13:53","페달","2019-10-15",24962
"SPB-24962","2019-11-01 10:21","페달","2019-11-01",24962
"SPB-24992","2019-10-14 14:10","타이어 ","2019-10-14",24992
"SPB-24992","2019-11-04 10:18","타이어 ","2019-11-04",24992
"SPB-24997","2019-06-25 0:15","단말기","2019-06-25",24997
"SPB-24997","2019-07-02 23:02","단말기","2019-07-02",24997
"SPB-25039","2019-10-15 9:56","체인","2019-10-15",25039
"SPB-25039","2019-10-18 22:47","페달","2019-10-18",25039
"SPB-25044","2019-07-06 13:03","타이어 ","2019-07-06",25044
"SPB-25044","2019-10-01 18:39","단말기","2019-10-01",25044
"SPB-25052","2019-08-16 18:26","체인","2019-08-16",25052
"SPB-25052","2019-10-12 7:46","단말기","2019-10-12",25052
"SPB-25179","2019-06-13 10:39","단말기","2019-06-13",25179
"SPB-25179","2019-07-11 14:50","단말기","2019-07-11",25179
"SPB-25252","2019-06-21 6:05","단말기","2019-06-21",25252
"SPB-25252","2019-07-27 22:25","단말기","2019-07-27",25252
"SPB-25254","2019-10-08 17:16","타이어 ","2019-10-08",25254
"SPB-25254","2019-10-19 13:27","단말기","2019-10-19",25254
"SPB-25264","2019-07-29 2:12","단말기","2019-07-29",25264
"SPB-25264","2019-10-03 12:45","단말기","2019-10-03",25264
"SPB-25264","2019-10-05 21:05","기타 ","2019-10-05",25264
"SPB-25388","2019-08-24 8:35","체인","2019-08-24",25388
"SPB-25388","2019-11-04 21:35","기타 ","2019-11-04",25388
